variant,kind,seed,config_label,attack_packets_attempted,attack_packets,mitigation_rate,d2dap_drop_share,policy_drop_share,response_ms,layer_detected,d2dap_detected,detected,detection_ms,max_attacker_state,flag_rate,disruption_rate,benign_windows,collateral_rate,auth_bytes_per_s,rl_bytes_per_s,report_bytes_per_s,notice_bytes_per_s,security_bytes_per_s,auth_compute_ms_per_s,monitor_ms_per_window,monitor_ids_ms_per_window,reauth_count,quarantine_count
adaptive,flooding,42,default,537.0,340.0,0.782122905027933,0.0,0.6558823529411765,2700.0,True,False,True,1000.0,3.0,0.016666666666666666,0.0,540,0.0,326.8,32.0,1158.2666666666667,0.0,1517.0666666666666,103.89779666666668,104.52150508474575,27.988701694915253,2.0,0.0
adaptive,privilege_escalation,42,default,570.0,434.0,0.9368421052631579,0.0,0.9170506912442397,2100.0,True,False,True,1000.0,4.0,0.016666666666666666,0.0,540,0.0,397.73333333333335,41.06666666666667,1179.3333333333333,0.8,1618.9333333333332,133.01644499999998,102.55317796610169,27.5846813559322,2.0,1.0
adaptive,abnormal,42,default,622.0,158.0,0.9163987138263665,0.006329113924050633,0.6645569620253164,2400.0,True,False,True,1000.0,4.0,0.016666666666666666,0.0,540,0.0,364.79999999999995,35.2,1154.4,0.8,1555.2,115.06591666666664,103.63291186440678,27.77530338983051,1.0,1.0
adaptive,spoofing,42,default,547.0,547.0,1.0,1.0,0.0,,True,True,True,7000.0,1.0,0.016666666666666666,0.0,540,0.0,430.66666666666663,30.4,1187.7333333333333,0.0,1648.8,140.95496499999996,101.83182542372882,27.39312033898305,0.0,0.0
adaptive,benign,42,default,,,,,,,,,,,,0.015,0.0,600,0.0,288.8,29.866666666666667,1194.5333333333333,0.0,1513.2,99.40900833333333,103.66385084745761,27.76111525423729,0.0,0.0
adaptive,flooding,43,default,598.0,146.0,0.9080267558528428,0.0,0.6232876712328768,2300.0,True,False,True,1000.0,4.0,0.03518518518518519,0.0,540,0.0,304.0,30.933333333333334,1201.3333333333333,0.8,1537.0666666666666,97.98736666666666,103.08050847457628,28.00413559322034,2.0,1.0
adaptive,privilege_escalation,43,default,618.0,603.0,0.9320388349514563,0.0,0.9303482587064676,2100.0,True,False,True,1000.0,4.0,0.03333333333333333,0.0,540,0.0,400.26666666666665,41.6,1196.8,0.8,1639.4666666666665,134.36106499999997,102.62359830508473,27.518844067796607,1.0,1.0
adaptive,abnormal,43,default,608.0,175.0,0.875,0.005714285714285714,0.56,2700.0,True,False,True,1000.0,4.0,0.020370370370370372,0.0,540,0.0,385.0666666666667,36.8,1192.2666666666667,0.8,1614.9333333333334,119.65061499999997,101.70561016949154,28.854452542372883,1.0,1.0
adaptive,spoofing,43,default,604.0,604.0,1.0,1.0,0.0,,True,True,True,6000.0,1.0,0.03333333333333333,0.0,540,0.0,433.20000000000005,29.333333333333332,1196.8,0.0,1659.3333333333333,144.97605833333336,102.77187796610168,27.12774745762712,0.0,0.0
adaptive,benign,43,default,,,,,,,,,,,,0.018333333333333333,0.0,600,0.0,286.26666666666665,29.333333333333332,1176.4,0.0,1492.0,94.1046866666667,100.56573050847457,27.12426779661017,0.0,0.0
adaptive,flooding,42,bands -0.1,524.0,280.0,0.7729007633587787,0.0035714285714285713,0.5714285714285714,3600.0,True,False,True,1000.0,3.0,0.0,0.0,540,0.0,329.33333333333337,32.0,1158.2666666666667,0.0,1519.6,107.9223916666667,98.57219661016948,28.059411864406776,2.0,0.0
adaptive,privilege_escalation,42,bands -0.1,573.0,223.0,0.93717277486911,0.0,0.8385650224215246,2100.0,True,False,True,1000.0,4.0,0.0,0.0,540,0.0,359.73333333333335,37.333333333333336,1170.2666666666667,0.8,1568.1333333333332,117.06189833333332,100.78551355932206,28.322674576271186,1.0,1.0
adaptive,abnormal,42,bands -0.1,592.0,229.0,0.8040540540540541,0.004366812227074236,0.4890829694323144,3500.0,True,False,True,2000.0,4.0,0.0,0.0,540,0.0,423.06666666666666,37.333333333333336,1136.2666666666667,0.8,1597.4666666666665,126.47310166666668,102.99667457627119,27.371098305084747,2.0,1.0
adaptive,spoofing,42,bands -0.1,547.0,547.0,1.0,1.0,0.0,,True,True,True,12000.0,1.0,0.0,0.0,540,0.0,430.66666666666663,30.4,1187.7333333333333,0.0,1648.8,144.7225000000001,101.90780847457627,29.114201694915256,0.0,0.0
adaptive,benign,42,bands -0.1,,,,,,,,,,,,0.0,0.0,600,0.0,288.8,29.866666666666667,1194.5333333333333,0.0,1513.2,97.45887666666668,99.76082881355931,28.12437288135593,0.0,0.0
adaptive,flooding,43,bands -0.1,597.0,180.0,0.8375209380234506,0.0,0.46111111111111114,3500.0,True,False,True,1000.0,4.0,0.003703703703703704,0.0,540,0.0,309.06666666666666,30.933333333333334,1167.3333333333333,0.8,1508.1333333333332,100.57734833333332,102.06019830508474,27.35909661016949,2.0,1.0
adaptive,privilege_escalation,43,bands -0.1,623.0,246.0,0.9325842696629214,0.0,0.8292682926829268,2100.0,True,False,True,1000.0,4.0,0.003703703703703704,0.0,540,0.0,372.4,37.86666666666667,1203.6,0.8,1614.6666666666665,121.23132833333331,102.61493389830507,29.14054745762711,1.0,1.0
adaptive,abnormal,43,bands -0.1,608.0,284.0,0.8125,0.0035211267605633804,0.5950704225352113,3600.0,True,False,True,2000.0,4.0,0.003703703703703704,0.0,540,0.0,425.6,38.4,1190.0,0.8,1654.8,122.92733500000006,103.5889033898305,28.119008474576273,2.0,1.0
adaptive,spoofing,43,bands -0.1,604.0,604.0,1.0,1.0,0.0,,True,True,True,12000.0,1.0,0.003703703703703704,0.0,540,0.0,433.20000000000005,29.333333333333332,1196.8,0.0,1659.3333333333333,144.65292499999995,98.76620338983051,26.835071186440683,0.0,0.0
adaptive,benign,43,bands -0.1,,,,,,,,,,,,0.0033333333333333335,0.0,600,0.0,286.26666666666665,29.333333333333332,1176.4,0.0,1492.0,93.98120499999999,100.27569661016949,27.599422033898307,0.0,0.0
adaptive,flooding,42,bands +0.1,618.0,135.0,0.9077669902912622,0.007407407407407408,0.5703703703703704,1500.0,True,False,True,1000.0,4.0,0.14629629629629629,0.0,540,0.0,301.4666666666667,30.4,1161.2,0.8,1493.8666666666666,103.09185000000002,102.7951813559322,27.649050847457627,1.0,1.0
adaptive,privilege_escalation,42,bands +0.1,566.0,420.0,0.9734982332155477,0.0,0.9642857142857143,1200.0,True,False,True,1000.0,4.0,0.14629629629629629,0.0,540,0.0,385.06666666666666,40.0,1194.5333333333333,0.8,1620.3999999999999,136.3671916666666,101.81066271186441,28.69416440677966,1.0,1.0
adaptive,abnormal,42,bands +0.1,619.0,365.0,0.9224555735056543,0.0027397260273972603,0.8657534246575342,2400.0,True,False,True,1000.0,4.0,0.14444444444444443,0.0,540,0.0,402.8,37.86666666666667,1183.8666666666666,0.8,1625.3333333333333,125.59836333333331,101.3070627118644,28.779054237288133,2.0,1.0
adaptive,spoofing,42,bands +0.1,575.0,575.0,1.0,0.5495652173913044,0.4504347826086956,12500.0,True,True,True,2000.0,2.0,0.14629629629629629,0.0,540,0.0,443.3333333333333,30.933333333333334,1167.3333333333333,0.0,1641.6,133.0723533333334,103.65999322033899,27.465386440677968,0.0,0.0
adaptive,benign,42,bands +0.1,,,,,,,,,,,,0.13,0.0,600,0.0,288.8,29.866666666666667,1194.5333333333333,0.0,1513.2,100.99544499999998,102.10070338983051,27.36927288135593,0.0,0.0
adaptive,flooding,43,bands +0.1,599.0,244.0,0.8948247078464107,0.0,0.7418032786885246,1900.0,True,False,True,1000.0,4.0,0.17592592592592593,0.003703703703703704,540,0.00039900249376558606,304.0,31.466666666666665,1183.2,0.8,1519.4666666666667,101.83587333333335,101.63704237288135,27.860622033898302,2.0,1.0
adaptive,privilege_escalation,43,bands +0.1,620.0,616.0,0.9612903225806452,0.0,0.961038961038961,1100.0,True,False,True,1000.0,4.0,0.17592592592592593,0.003703703703703704,540,0.0003912363067292645,410.4,43.2,1203.6,0.8,1657.9999999999998,137.53241,100.04976779661015,27.230084745762714,1.0,1.0
adaptive,abnormal,43,bands +0.1,602.0,502.0,0.8920265780730897,0.00199203187250996,0.8685258964143426,2700.0,True,False,True,1000.0,4.0,0.17592592592592593,0.003703703703703704,540,0.0003921953132660065,412.93333333333334,40.53333333333333,1183.2,0.8,1637.4666666666667,137.2238116666667,101.13451355932206,27.727174576271185,1.0,1.0
adaptive,spoofing,43,bands +0.1,598.0,598.0,1.0,0.5702341137123745,0.4297658862876254,12500.0,True,True,True,2000.0,2.0,0.17592592592592593,0.003703703703703704,540,0.00038952186191449994,461.06666666666666,29.866666666666667,1149.2,0.0,1640.1333333333334,134.14588166666672,101.60158474576271,27.351891525423728,0.0,0.0
adaptive,benign,43,bands +0.1,,,,,,,,,,,,0.15833333333333333,0.0033333333333333335,600,0.0003712296983758701,286.26666666666665,29.333333333333332,1176.4,0.0,1492.0,94.46022833333332,100.30274576271187,26.9067779661017,0.0,0.0
adaptive,flooding,42,w_ml_attack 1.5,616.0,258.0,0.8181818181818181,0.003875968992248062,0.562015503875969,3600.0,True,False,True,1000.0,4.0,0.0,0.0,540,0.0,304.0,30.4,1149.8666666666666,0.8,1485.0666666666664,98.08378666666667,101.64442542372885,28.942850847457628,2.0,1.0
adaptive,privilege_escalation,42,w_ml_attack 1.5,568.0,432.0,0.9366197183098591,0.0,0.9166666666666666,2100.0,True,False,True,1000.0,4.0,0.0,0.0,540,0.0,385.06666666666666,40.0,1192.7333333333333,0.8,1618.6,133.60161166666674,102.31290169491525,27.40937627118644,1.0,1.0
adaptive,abnormal,42,w_ml_attack 1.5,620.0,154.0,0.8693548387096774,0.012987012987012988,0.461038961038961,3500.0,True,False,True,1000.0,4.0,0.0,0.0,540,0.0,392.6666666666667,36.266666666666666,1149.8666666666666,0.8,1579.6,121.33377333333327,99.00389322033898,28.013347457627116,2.0,1.0
adaptive,spoofing,42,w_ml_attack 1.5,547.0,547.0,1.0,1.0,0.0,,True,True,True,9000.0,1.0,0.0,0.0,540,0.0,430.66666666666663,30.4,1187.7333333333333,0.0,1648.8,147.1731533333333,99.26597966101694,26.54930847457627,0.0,0.0
adaptive,benign,42,w_ml_attack 1.5,,,,,,,,,,,,0.0,0.0,600,0.0,288.8,29.866666666666667,1194.5333333333333,0.0,1513.2,98.1456983333333,100.73047118644065,27.446,0.0,0.0
adaptive,flooding,43,w_ml_attack 1.5,597.0,180.0,0.8375209380234506,0.0,0.46111111111111114,3500.0,True,False,True,1000.0,4.0,0.012962962962962963,0.0,540,0.0,309.06666666666666,30.933333333333334,1167.3333333333333,0.8,1508.1333333333332,97.51626333333337,99.44725084745764,27.46971186440678,2.0,1.0
adaptive,privilege_escalation,43,w_ml_attack 1.5,620.0,539.0,0.932258064516129,0.0,0.922077922077922,2100.0,True,False,True,1000.0,4.0,0.012962962962962963,0.0,540,0.0,395.2,40.53333333333333,1199.0666666666666,0.8,1635.6,135.26014500000002,102.9697338983051,26.9662,1.0,1.0
adaptive,abnormal,43,w_ml_attack 1.5,608.0,173.0,0.8651315789473684,0.005780346820809248,0.5202312138728323,3600.0,True,False,True,1000.0,4.0,0.012962962962962963,0.0,540,0.0,387.6,37.333333333333336,1183.2,0.8,1608.9333333333334,114.139625,104.20904576271187,28.302559322033904,2.0,1.0
adaptive,spoofing,43,w_ml_attack 1.5,604.0,604.0,1.0,1.0,0.0,,True,True,True,8000.0,1.0,0.012962962962962963,0.0,540,0.0,433.20000000000005,29.333333333333332,1196.8,0.0,1659.3333333333333,146.93651333333335,101.37359322033899,27.36868983050848,0.0,0.0
adaptive,benign,43,w_ml_attack 1.5,,,,,,,,,,,,0.011666666666666667,0.0,600,0.0,286.26666666666665,29.333333333333332,1176.4,0.0,1492.0,94.92525999999997,102.98652203389831,29.29509661016949,0.0,0.0
adaptive,flooding,42,w_ml_attack 4.5,621.0,167.0,0.8760064412238325,0.0,0.5389221556886228,2700.0,True,False,True,1000.0,4.0,0.016666666666666666,0.0,540,0.0,306.5333333333333,30.933333333333334,1161.2,0.8,1499.4666666666667,102.52540333333336,101.67476101694915,27.2231813559322,1.0,1.0
adaptive,privilege_escalation,42,w_ml_attack 4.5,571.0,434.0,0.9737302977232924,0.0,0.9654377880184332,1200.0,True,False,True,1000.0,4.0,0.016666666666666666,0.0,540,0.0,392.66666666666663,40.53333333333333,1180.9333333333334,0.8,1614.9333333333332,138.58590499999988,102.94667118644067,27.455120338983054,1.0,1.0
adaptive,abnormal,42,w_ml_attack 4.5,619.0,365.0,0.9224555735056543,0.0027397260273972603,0.8657534246575342,2400.0,True,False,True,1000.0,4.0,0.016666666666666666,0.0,540,0.0,402.8,37.86666666666667,1183.8666666666666,0.8,1625.3333333333333,127.03322333333332,101.82177457627117,28.783915254237293,2.0,1.0
adaptive,spoofing,42,w_ml_attack 4.5,547.0,547.0,1.0,1.0,0.0,,True,True,True,5000.0,1.0,0.016666666666666666,0.0,540,0.0,430.66666666666663,30.4,1187.7333333333333,0.0,1648.8,146.9166416666667,103.32473559322035,29.11556949152542,0.0,0.0
adaptive,benign,42,w_ml_attack 4.5,,,,,,,,,,,,0.015,0.0,600,0.0,288.8,29.866666666666667,1194.5333333333333,0.0,1513.2,100.60216833333334,100.28560508474577,26.82707627118644,0.0,0.0
adaptive,flooding,43,w_ml_attack 4.5,598.0,166.0,0.9080267558528428,0.006024096385542169,0.6626506024096386,2300.0,True,False,True,1000.0,4.0,0.053703703703703705,0.0,540,0.0,301.4666666666667,30.933333333333334,1158.2666666666667,0.8,1491.4666666666667,104.54320166666668,100.93299491525421,26.81524406779661,1.0,1.0
adaptive,privilege_escalation,43,w_ml_attack 4.5,621.0,576.0,0.961352657004831,0.0,0.9583333333333334,1100.0,True,False,True,1000.0,4.0,0.053703703703703705,0.0,540,0.0,410.4,42.13333333333333,1203.6,0.8,1656.9333333333332,136.72539999999992,102.60917966101695,27.406222033898306,1.0,1.0
adaptive,abnormal,43,w_ml_attack 4.5,606.0,415.0,0.8877887788778878,0.0024096385542168677,0.8337349397590361,2700.0,True,False,True,1000.0,4.0,0.03888888888888889,0.0,540,0.0,402.8,38.93333333333333,1176.4,0.8,1618.9333333333334,130.23683833333334,102.89922203389831,29.486394915254238,1.0,1.0
adaptive,spoofing,43,w_ml_attack 4.5,599.0,599.0,1.0,0.8163606010016694,0.18363939899833054,22300.0,True,True,True,5000.0,2.0,0.03888888888888889,0.0,540,0.0,450.9333333333334,29.333333333333332,1183.2,0.0,1663.4666666666667,145.60474333333326,102.35248135593223,27.750022033898304,0.0,0.0
adaptive,benign,43,w_ml_attack 4.5,,,,,,,,,,,,0.035,0.0,600,0.0,286.26666666666665,29.333333333333332,1176.4,0.0,1492.0,93.27062333333336,99.9967186440678,27.221298305084744,0.0,0.0
adaptive,flooding,42,decay 0.75,616.0,285.0,0.836038961038961,0.0,0.6456140350877193,2700.0,True,False,True,1000.0,4.0,0.014814814814814815,0.0,540,0.0,314.1333333333333,32.0,1149.8666666666666,0.8,1496.8,107.86996833333333,103.11391186440677,29.38803050847458,2.0,1.0
adaptive,privilege_escalation,42,decay 0.75,570.0,433.0,0.9736842105263158,0.0,0.9653579676674365,1200.0,True,False,True,1000.0,4.0,0.014814814814814815,0.0,540,0.0,412.93333333333334,42.666666666666664,1185.4666666666667,0.8,1641.8666666666666,141.92273166666666,100.85085762711864,28.819152542372883,2.0,1.0
adaptive,abnormal,42,decay 0.75,621.0,146.0,0.9098228663446055,0.00684931506849315,0.6095890410958904,2400.0,True,False,True,1000.0,4.0,0.014814814814814815,0.0,540,0.0,405.33333333333337,37.86666666666667,1138.5333333333333,0.8,1582.5333333333333,127.191095,100.9623559322034,27.054164406779662,2.0,1.0
adaptive,spoofing,42,decay 0.75,547.0,547.0,1.0,1.0,0.0,,True,True,True,5000.0,1.0,0.014814814814814815,0.0,540,0.0,430.66666666666663,30.4,1187.7333333333333,0.0,1648.8,146.03516833333336,103.4686661016949,29.361249152542378,0.0,0.0
adaptive,benign,42,decay 0.75,,,,,,,,,,,,0.013333333333333334,0.0,600,0.0,288.8,29.866666666666667,1194.5333333333333,0.0,1513.2,99.47422666666667,101.87135254237289,29.34636101694915,0.0,0.0
adaptive,flooding,43,decay 0.75,598.0,189.0,0.8896321070234113,0.005291005291005291,0.6455026455026455,2300.0,True,False,True,1000.0,4.0,0.012962962962962963,0.0,540,0.0,311.6,32.0,1183.2,0.8,1527.6000000000001,101.8563083333333,101.69551016949153,29.207127118644067,2.0,1.0
adaptive,privilege_escalation,43,decay 0.75,621.0,576.0,0.961352657004831,0.0,0.9583333333333334,1100.0,True,False,True,1000.0,4.0,0.024074074074074074,0.0,540,0.0,410.4,42.13333333333333,1203.6,0.8,1656.9333333333332,138.22689333333332,102.39149322033899,27.161096610169494,1.0,1.0
adaptive,abnormal,43,decay 0.75,605.0,497.0,0.8776859504132232,0.008048289738430584,0.8430583501006036,2700.0,True,False,True,1000.0,4.0,0.012962962962962963,0.0,540,0.0,415.4666666666667,40.0,1146.9333333333334,1.6,1604.0,133.80550499999998,101.83894237288133,27.481871186440674,2.0,2.0
adaptive,spoofing,43,decay 0.75,604.0,604.0,1.0,1.0,0.0,,True,True,True,5000.0,1.0,0.024074074074074074,0.0,540,0.0,433.20000000000005,29.333333333333332,1196.8,0.0,1659.3333333333333,148.17501999999993,102.32259491525421,29.1209,0.0,0.0
adaptive,benign,43,decay 0.75,,,,,,,,,,,,0.011666666666666667,0.0,600,0.0,286.26666666666665,29.333333333333332,1176.4,0.0,1492.0,93.70990166666668,102.84777288135592,29.45343220338983,0.0,0.0
adaptive,flooding,42,decay 0.95,619.0,261.0,0.8287560581583199,0.0038314176245210726,0.5900383141762452,3600.0,True,False,True,1000.0,4.0,0.0,0.0,540,0.0,293.8666666666667,29.866666666666667,1161.2,0.8,1485.7333333333333,96.21838333333334,102.11141186440678,29.111554237288143,1.0,1.0
adaptive,privilege_escalation,42,decay 0.95,574.0,188.0,0.9372822299651568,0.0,0.8085106382978723,2100.0,True,False,True,1000.0,4.0,0.0,0.0,540,0.0,359.73333333333335,37.333333333333336,1170.2666666666667,0.8,1568.1333333333332,126.11866500000001,100.75787288135592,27.207247457627123,1.0,1.0
adaptive,abnormal,42,decay 0.95,618.0,153.0,0.8656957928802589,0.006535947712418301,0.45098039215686275,3500.0,True,False,True,1000.0,4.0,0.0,0.0,540,0.0,380.0,34.666666666666664,1152.1333333333334,0.8,1567.6000000000001,121.18216833333335,101.75329491525423,27.70015593220339,1.0,1.0
adaptive,spoofing,42,decay 0.95,547.0,547.0,1.0,1.0,0.0,,True,True,True,11000.0,2.0,0.0,0.0,540,0.0,430.66666666666663,30.4,1187.7333333333333,0.0,1648.8,147.3818633333333,101.66981694915253,27.761276271186443,0.0,0.0
adaptive,benign,42,decay 0.95,,,,,,,,,,,,0.0,0.0,600,0.0,288.8,29.866666666666667,1194.5333333333333,0.0,1513.2,100.693745,102.01135423728813,28.227018644067797,0.0,0.0
adaptive,flooding,43,decay 0.95,597.0,211.0,0.847571189279732,0.0,0.5687203791469194,3500.0,True,False,True,1000.0,4.0,0.05740740740740741,0.0,540,0.0,296.4,30.933333333333334,1203.6,0.8,1531.7333333333331,100.8553,104.92065423728815,28.3911186440678,1.0,1.0
adaptive,privilege_escalation,43,decay 0.95,620.0,539.0,0.932258064516129,0.0,0.922077922077922,2100.0,True,False,True,1000.0,4.0,0.05555555555555555,0.0,540,0.0,395.2,40.53333333333333,1199.0666666666666,0.8,1635.6,133.62591,103.62615593220339,29.843522033898306,1.0,1.0
adaptive,abnormal,43,decay 0.95,608.0,222.0,0.8552631578947368,0.0045045045045045045,0.5990990990990991,3600.0,True,False,True,1000.0,4.0,0.05555555555555555,0.0,540,0.0,385.06666666666666,37.86666666666667,1196.8,0.8,1620.5333333333333,119.17344333333328,103.31717288135593,28.261045762711863,1.0,1.0
adaptive,spoofing,43,decay 0.95,604.0,604.0,1.0,0.9817880794701986,0.018211920529801324,29500.0,True,True,True,10000.0,2.0,0.05555555555555555,0.0,540,0.0,433.20000000000005,29.333333333333332,1196.8,0.0,1659.3333333333333,142.75137833333335,101.06685254237289,26.33804237288135,0.0,0.0
adaptive,benign,43,decay 0.95,,,,,,,,,,,,0.05,0.0,600,0.0,286.26666666666665,29.333333333333332,1176.4,0.0,1492.0,92.09436666666666,99.47908644067797,26.344120338983057,0.0,0.0
