kind,adaptive,no_trust,no_ml,no_policy,no_attribution
abnormal,1000.0,1000.0,2333.3333333333335,1000.0,1000.0
dos,5000.0,1000.0,4000.0,5000.0,1000.0
flooding,1000.0,1000.0,2000.0,1000.0,1000.0
impersonation,5333.333333333333,1000.0,9000.0,5333.333333333333,1000.0
privilege_escalation,1000.0,1000.0,1000.0,1000.0,1000.0
replay,6500.0,1000.0,6500.0,6500.0,1000.0
spoofing,6333.333333333333,1000.0,11333.333333333334,6333.333333333333,1000.0
tampering,11500.0,1000.0,,11500.0,1000.0
unauthorized_access,1000.0,1000.0,1000.0,1000.0,1000.0
