kind,adaptive,no_trust,no_ml,no_policy,no_attribution,d2dap
abnormal,0.8951386026144869,0.9759292335287708,0.6427277193869815,0.07564572364468276,0.8967833394565922,0.07333607835063673
dos,1.0,1.0,1.0,1.0,1.0,1.0
flooding,0.858187656954421,0.9711328837306269,0.728254149270782,0.1261791744366224,0.8757080068181514,0.1273252841772255
impersonation,1.0,1.0,1.0,1.0,1.0,1.0
privilege_escalation,0.9276888598146789,0.9620131897964862,0.8995113722013688,0.015012820503076467,0.9276888598146789,0.014423047245202167
replay,0.9130520912285537,0.9639412997903564,0.9139910370728784,0.9130520912285537,0.9676279842321235,0.9212565336526284
spoofing,1.0,1.0,1.0,1.0,1.0,1.0
tampering,1.0,1.0,1.0,1.0,1.0,1.0
unauthorized_access,1.0,1.0,1.0,1.0,1.0,1.0
