variant,kind,seed,config_label,flag_rate,disruption_rate,benign_windows,collateral_rate,auth_bytes_per_s,rl_bytes_per_s,report_bytes_per_s,notice_bytes_per_s,security_bytes_per_s,auth_compute_ms_per_s,monitor_ms_per_window,monitor_ids_ms_per_window,reauth_count,quarantine_count,attack_packets_attempted,attack_packets,mitigation_rate,d2dap_drop_share,policy_drop_share,response_ms,layer_detected,d2dap_detected,detected,detection_ms,max_attacker_state
d2dap_ids,benign,42,r=0.0,0.0,0.0,600,0.0,288.8,29.866666666666667,1194.5333333333333,0.0,1513.2,97.36379833333332,101.8671220338983,27.948210169491524,0.0,0.0,,,,,,,,,,,
d2dap_ids,flooding,42,r=0.0,0.0,0.0,540,0.0,314.1333333333333,31.466666666666665,1180.9333333333334,0.0,1526.5333333333333,103.2994116666667,101.56452881355932,27.344837288135594,0.0,0.0,488.0,260.0,0.805327868852459,0.0,0.6346153846153846,1100.0,True,False,True,1000.0,0.0
d2dap_ids,privilege_escalation,42,r=0.0,0.0,0.0,540,0.0,415.4666666666667,36.8,1151.4666666666667,0.0,1603.7333333333333,123.85217333333328,100.16387966101696,27.35822033898305,0.0,0.0,573.0,370.0,0.8970331588132635,0.0,0.8405405405405405,1200.0,True,False,True,1000.0,0.0
d2dap_ids,spoofing,42,r=0.0,0.0,0.0,540,0.0,473.73333333333335,29.866666666666667,1146.9333333333334,0.0,1650.5333333333333,104.05571000000003,99.91134237288136,26.78425254237288,0.0,0.0,592.0,592.0,1.0,0.13682432432432431,0.8631756756756757,1100.0,True,True,True,1000.0,0.0
d2dap_ids,benign,43,r=0.0,0.0016666666666666668,0.0016666666666666668,600,9.171787581399614e-05,281.20000000000005,29.333333333333332,1196.8,0.0,1507.3333333333333,92.8745766666667,100.61470169491525,27.083342372881354,0.0,0.0,,,,,,,,,,,
d2dap_ids,flooding,43,r=0.0,0.001851851851851852,0.001851851851851852,540,0.00010107135637760258,309.06666666666666,30.4,1174.1333333333334,0.0,1513.6000000000001,97.515375,101.44767627118644,27.420523728813563,0.0,0.0,600.0,409.0,0.8983333333333333,0.004889975550122249,0.8459657701711492,1200.0,True,False,True,1000.0,0.0
d2dap_ids,privilege_escalation,43,r=0.0,0.001851851851851852,0.001851851851851852,540,9.936406995230525e-05,448.4,36.266666666666666,1187.7333333333333,0.0,1672.4,117.60609500000002,99.54751355932204,26.321855932203388,0.0,0.0,620.0,320.0,0.9112903225806451,0.003125,0.825,1100.0,True,False,True,1000.0,0.0
d2dap_ids,spoofing,43,r=0.0,0.001851851851851852,0.001851851851851852,540,9.784735812133073e-05,440.8,28.8,1162.8,0.0,1632.4,96.3220966666667,99.24615423728812,28.321716949152545,0.0,0.0,606.0,606.0,1.0,0.13036303630363036,0.8696369636963697,1200.0,True,True,True,1000.0,0.0
d2dap_ids,benign,42,r=0.01,0.011666666666666667,0.011666666666666667,600,0.010756746555953954,319.2,32.53333333333333,1149.2,0.0,1500.9333333333334,109.5075033333333,99.27874576271186,27.05660508474576,0.0,0.0,,,,,,,,,,,
d2dap_ids,flooding,42,r=0.01,0.011111111111111112,0.011111111111111112,540,0.008069522036002483,334.4,32.53333333333333,1135.6,0.0,1502.5333333333333,103.18111499999996,99.42372203389833,28.625922033898306,0.0,0.0,481.0,253.0,0.814968814968815,0.0,0.6482213438735178,1100.0,True,False,True,1000.0,0.0
d2dap_ids,privilege_escalation,42,r=0.01,0.011111111111111112,0.011111111111111112,540,0.009316455696202531,445.8666666666667,37.86666666666667,1110.6666666666667,0.0,1594.4,125.29180166666661,98.71701864406779,26.622594915254243,0.0,0.0,571.0,331.0,0.9036777583187391,0.0,0.8338368580060423,1200.0,True,False,True,1000.0,0.0
d2dap_ids,spoofing,42,r=0.01,0.011111111111111112,0.011111111111111112,540,0.00904392764857881,496.53333333333336,32.0,1115.2,0.0,1643.7333333333333,103.55900833333327,99.58059491525425,27.615799999999997,0.0,0.0,599.0,599.0,1.0,0.14357262103505844,0.8564273789649416,1100.0,True,True,True,1000.0,0.0
d2dap_ids,benign,43,r=0.01,0.011666666666666667,0.011666666666666667,600,0.009173461823573018,286.26666666666665,29.333333333333332,1183.2,0.0,1498.8,93.36404500000002,98.96861355932204,28.437481355932206,0.0,0.0,,,,,,,,,,,
d2dap_ids,flooding,43,r=0.01,0.011111111111111112,0.011111111111111112,540,0.00859540904034786,309.06666666666666,30.4,1171.8666666666666,0.0,1511.3333333333333,95.28470999999999,99.94509999999998,28.57061186440678,0.0,0.0,599.0,408.0,0.8697829716193656,0.004901960784313725,0.803921568627451,1200.0,True,False,True,1000.0,0.0
d2dap_ids,privilege_escalation,43,r=0.01,0.011111111111111112,0.011111111111111112,540,0.008612056879631484,453.4666666666667,36.266666666666666,1174.1333333333334,0.0,1663.8666666666668,123.17370000000001,100.90549830508473,28.472503389830507,0.0,0.0,621.0,321.0,0.9114331723027376,0.003115264797507788,0.8255451713395638,1100.0,True,False,True,1000.0,0.0
d2dap_ids,spoofing,43,r=0.01,0.011111111111111112,0.011111111111111112,540,0.008615625611905228,438.26666666666665,28.266666666666666,1165.0666666666666,0.0,1631.6,94.43725499999998,99.46589152542371,26.95901694915254,0.0,0.0,608.0,608.0,1.0,0.1299342105263158,0.8700657894736842,1200.0,True,True,True,1000.0,0.0
d2dap_ids,benign,42,r=0.05,0.03333333333333333,0.03333333333333333,600,0.020582706766917293,286.26666666666665,29.333333333333332,1187.7333333333333,0.0,1503.3333333333333,87.25427333333333,99.76689830508475,28.710135593220336,0.0,0.0,,,,,,,,,,,
d2dap_ids,flooding,42,r=0.05,0.03148148148148148,0.03148148148148148,540,0.022109533468559837,314.1333333333333,30.4,1180.9333333333334,0.0,1525.4666666666667,99.12180166666663,97.86107118644068,28.335066101694917,0.0,0.0,614.0,218.0,0.8957654723127035,0.0,0.7064220183486238,4100.0,True,False,True,4000.0,0.0
d2dap_ids,privilege_escalation,42,r=0.05,0.03148148148148148,0.03148148148148148,540,0.023752012882447666,420.5333333333333,35.2,1144.6666666666667,0.0,1600.4,115.39086999999996,98.95662033898306,26.354979661016948,0.0,0.0,571.0,287.0,0.9246935201401051,0.0,0.8501742160278746,1200.0,True,False,True,1000.0,0.0
d2dap_ids,spoofing,42,r=0.05,0.03148148148148148,0.03148148148148148,540,0.021394611727416798,468.66666666666663,29.333333333333332,1146.9333333333334,0.0,1644.9333333333334,103.87486833333337,99.4114220338983,26.62042542372882,0.0,0.0,597.0,597.0,1.0,0.1440536013400335,0.8559463986599665,1100.0,True,True,True,1000.0,0.0
d2dap_ids,benign,43,r=0.05,0.04666666666666667,0.04666666666666667,600,0.03891962862233893,329.33333333333337,33.06666666666667,1103.8666666666666,0.0,1466.2666666666667,99.07618833333328,100.00683898305084,27.30025084745763,0.0,0.0,,,,,,,,,,,
d2dap_ids,flooding,43,r=0.05,0.04814814814814815,0.04814814814814815,540,0.04281782036904883,347.06666666666666,34.13333333333333,1097.0666666666666,0.0,1478.2666666666667,112.12692,97.9615220338983,25.98909322033898,0.0,0.0,599.0,407.0,0.8981636060100167,0.002457002457002457,0.8476658476658476,1200.0,True,False,True,1000.0,0.0
d2dap_ids,privilege_escalation,43,r=0.05,0.04814814814814815,0.04814814814814815,540,0.042471432905248255,504.1333333333333,40.53333333333333,1085.7333333333333,0.0,1630.4,132.47766166666653,101.57636440677966,27.874511864406784,0.0,0.0,622.0,277.0,0.9019292604501608,0.0036101083032490976,0.776173285198556,1100.0,True,False,True,1000.0,0.0
d2dap_ids,spoofing,43,r=0.05,0.04814814814814815,0.04814814814814815,540,0.04079601990049751,499.0666666666667,31.466666666666665,1083.4666666666667,0.0,1614.0,103.61851000000003,100.80388983050847,28.58926440677966,0.0,0.0,584.0,584.0,1.0,0.1386986301369863,0.8613013698630136,1200.0,True,True,True,1000.0,0.0
d2dap_ids_trust,benign,42,r=0.0,0.0,0.0,600,0.0,288.8,29.866666666666667,1194.5333333333333,0.0,1513.2,99.19738166666667,96.71115762711864,26.47891186440678,0.0,0.0,,,,,,,,,,,
d2dap_ids_trust,flooding,42,r=0.0,0.0,0.0,540,0.0,314.1333333333333,31.466666666666665,1194.5333333333333,1.6,1541.7333333333331,98.60488000000001,97.4173847457627,26.613628813559323,0.0,2.0,618.0,141.0,0.7799352750809061,0.0,0.03546099290780142,3100.0,True,False,True,3000.0,4.0
d2dap_ids_trust,privilege_escalation,42,r=0.0,0.0,0.0,540,0.0,405.3333333333333,42.13333333333333,1192.7333333333333,3.2,1643.4,133.0952366666667,97.48296440677966,26.81619661016949,0.0,4.0,567.0,501.0,0.18342151675485008,0.06387225548902195,0.011976047904191617,2100.0,True,False,True,2000.0,4.0
d2dap_ids_trust,spoofing,42,r=0.0,0.0,0.0,540,0.0,430.66666666666663,30.4,1187.7333333333333,0.0,1648.8,142.46126666666663,97.45809491525422,26.44665593220339,0.0,0.0,547.0,547.0,1.0,1.0,0.0,,False,True,True,,0.0
d2dap_ids_trust,benign,43,r=0.0,0.0,0.0,600,0.0,286.26666666666665,29.333333333333332,1176.4,0.0,1492.0,92.258295,97.81792372881355,26.627601694915253,0.0,0.0,,,,,,,,,,,
d2dap_ids_trust,flooding,43,r=0.0,0.0,0.0,540,0.0,311.6,32.53333333333333,1192.2666666666667,3.2,1539.6000000000001,102.66210833333331,100.06640677966102,28.526310169491524,0.0,4.0,598.0,300.0,0.520066889632107,0.0,0.043333333333333335,3100.0,True,False,True,3000.0,4.0
d2dap_ids_trust,privilege_escalation,43,r=0.0,0.0,0.0,540,0.0,445.8666666666667,46.93333333333333,1190.0,3.2,1686.0,143.65778,99.08635254237288,26.59613559322034,0.0,4.0,620.0,507.0,0.23548387096774193,0.045364891518737675,0.01972386587771203,2100.0,True,False,True,2000.0,4.0
d2dap_ids_trust,spoofing,43,r=0.0,0.0,0.0,540,0.0,433.20000000000005,29.333333333333332,1196.8,0.0,1659.3333333333333,144.4355650000001,99.07291694915254,26.640588135593223,0.0,0.0,604.0,604.0,1.0,1.0,0.0,,False,True,True,,0.0
d2dap_ids_trust,benign,42,r=0.01,0.0,0.0,600,0.0,288.8,29.866666666666667,1194.5333333333333,0.0,1513.2,96.78526666666667,98.69931864406777,28.023710169491526,0.0,0.0,,,,,,,,,,,
d2dap_ids_trust,flooding,42,r=0.01,0.0,0.0,540,0.0,321.73333333333335,32.0,1185.4666666666667,1.6,1540.8,100.10830000000003,99.35467627118645,26.85606440677966,0.0,2.0,620.0,146.0,0.7725806451612903,0.0,0.03424657534246575,3100.0,True,False,True,3000.0,4.0
d2dap_ids_trust,privilege_escalation,42,r=0.01,0.0,0.0,540,0.0,405.3333333333333,42.13333333333333,1192.7333333333333,3.2,1643.4,136.0643133333334,98.16327796610172,26.644027118644065,0.0,4.0,567.0,501.0,0.18342151675485008,0.06387225548902195,0.011976047904191617,2100.0,True,False,True,2000.0,4.0
d2dap_ids_trust,spoofing,42,r=0.01,0.0,0.0,540,0.0,430.66666666666663,30.4,1187.7333333333333,0.0,1648.8,141.75726333333338,100.36166101694916,28.475335593220333,0.0,0.0,547.0,547.0,1.0,1.0,0.0,,False,True,True,,0.0
d2dap_ids_trust,benign,43,r=0.01,0.0,0.0,600,0.0,286.26666666666665,29.333333333333332,1176.4,0.0,1492.0,90.26489166666667,98.92064237288136,28.176330508474575,0.0,0.0,,,,,,,,,,,
d2dap_ids_trust,flooding,43,r=0.01,0.0,0.0,540,0.0,311.6,32.53333333333333,1192.2666666666667,3.2,1539.6000000000001,102.27928000000003,100.24367796610167,26.556411864406783,0.0,4.0,598.0,300.0,0.520066889632107,0.0,0.043333333333333335,3100.0,True,False,True,3000.0,4.0
d2dap_ids_trust,privilege_escalation,43,r=0.01,0.0,0.0,540,0.0,445.8666666666667,46.93333333333333,1190.0,3.2,1686.0,144.93939166666667,101.2799186440678,29.00282711864407,0.0,4.0,620.0,507.0,0.23548387096774193,0.045364891518737675,0.01972386587771203,2100.0,True,False,True,2000.0,4.0
d2dap_ids_trust,spoofing,43,r=0.01,0.0,0.0,540,0.0,433.20000000000005,29.333333333333332,1196.8,0.0,1659.3333333333333,140.94275000000007,99.23000169491526,26.18260338983051,0.0,0.0,604.0,604.0,1.0,1.0,0.0,,False,True,True,,0.0
d2dap_ids_trust,benign,42,r=0.05,0.0,0.0,600,0.0,288.8,29.866666666666667,1194.5333333333333,0.0,1513.2,98.63228333333335,99.8760813559322,28.49984915254238,0.0,0.0,,,,,,,,,,,
d2dap_ids_trust,flooding,42,r=0.05,0.0,0.0,540,0.0,329.33333333333337,33.06666666666667,1187.7333333333333,2.4,1552.5333333333335,100.63639333333334,99.07820338983052,28.46298305084746,0.0,3.0,620.0,199.0,0.6870967741935483,0.0,0.02512562814070352,7100.0,True,False,True,2000.0,4.0
d2dap_ids_trust,privilege_escalation,42,r=0.05,0.0,0.0,540,0.0,390.1333333333333,40.53333333333333,1186.1333333333334,2.4,1619.2000000000003,124.90010666666672,99.7038457627119,26.998430508474573,0.0,3.0,564.0,365.0,0.4308510638297872,0.10136986301369863,0.019178082191780823,2100.0,True,True,True,2000.0,4.0
d2dap_ids_trust,spoofing,42,r=0.05,0.0,0.0,540,0.0,430.66666666666663,30.4,1187.7333333333333,0.0,1648.8,142.0667083333333,98.05075762711866,26.59169152542373,0.0,0.0,547.0,547.0,1.0,1.0,0.0,,False,True,True,,0.0
d2dap_ids_trust,benign,43,r=0.05,0.0,0.0,600,0.0,286.26666666666665,29.333333333333332,1176.4,0.0,1492.0,94.15169999999996,98.32929322033895,26.43832711864407,0.0,0.0,,,,,,,,,,,
d2dap_ids_trust,flooding,43,r=0.05,0.0,0.0,540,0.0,309.06666666666666,32.53333333333333,1199.0666666666666,3.2,1543.8666666666666,103.88314166666667,100.8302966101695,27.175294915254238,0.0,4.0,596.0,293.0,0.5268456375838926,0.0,0.03754266211604096,3100.0,True,False,True,3000.0,4.0
d2dap_ids_trust,privilege_escalation,43,r=0.05,0.0,0.0,540,0.0,450.93333333333334,47.46666666666667,1203.6,3.2,1705.2,147.75833166666675,98.45870169491526,27.4303406779661,0.0,4.0,620.0,484.0,0.2387096774193549,0.0,0.024793388429752067,2100.0,True,False,True,2000.0,4.0
d2dap_ids_trust,spoofing,43,r=0.05,0.0,0.0,540,0.0,433.20000000000005,29.333333333333332,1196.8,0.0,1659.3333333333333,143.5248633333333,98.86592542372881,28.48932711864407,0.0,0.0,604.0,604.0,1.0,1.0,0.0,,False,True,True,,0.0
adaptive,benign,42,r=0.0,0.015,0.0,600,0.0,288.8,29.866666666666667,1194.5333333333333,0.0,1513.2,97.56252333333333,100.74700169491527,27.051667796610168,0.0,0.0,,,,,,,,,,,
adaptive,flooding,42,r=0.0,0.016666666666666666,0.0,540,0.0,326.8,32.0,1158.2666666666667,0.0,1517.0666666666666,106.4416016666667,98.36088644067797,26.569338983050844,2.0,0.0,537.0,340.0,0.782122905027933,0.0,0.6558823529411765,2700.0,True,False,True,1000.0,3.0
adaptive,privilege_escalation,42,r=0.0,0.016666666666666666,0.0,540,0.0,397.73333333333335,41.06666666666667,1179.3333333333333,0.8,1618.9333333333332,134.25032500000003,99.08813220338982,28.187240677966102,2.0,1.0,570.0,434.0,0.9368421052631579,0.0,0.9170506912442397,2100.0,True,False,True,1000.0,4.0
adaptive,spoofing,42,r=0.0,0.016666666666666666,0.0,540,0.0,430.66666666666663,30.4,1187.7333333333333,0.0,1648.8,146.71906500000006,100.6645559322034,28.61980169491525,0.0,0.0,547.0,547.0,1.0,1.0,0.0,,True,True,True,7000.0,1.0
adaptive,benign,43,r=0.0,0.018333333333333333,0.0,600,0.0,286.26666666666665,29.333333333333332,1176.4,0.0,1492.0,92.96018166666668,101.79366440677965,27.38092372881356,0.0,0.0,,,,,,,,,,,
adaptive,flooding,43,r=0.0,0.03518518518518519,0.0,540,0.0,304.0,30.933333333333334,1201.3333333333333,0.8,1537.0666666666666,97.102475,99.43412881355931,26.750022033898308,2.0,1.0,598.0,146.0,0.9080267558528428,0.0,0.6232876712328768,2300.0,True,False,True,1000.0,4.0
adaptive,privilege_escalation,43,r=0.0,0.03333333333333333,0.0,540,0.0,400.26666666666665,41.6,1196.8,0.8,1639.4666666666665,131.63459000000006,100.49084406779662,26.84813389830509,1.0,1.0,618.0,603.0,0.9320388349514563,0.0,0.9303482587064676,2100.0,True,False,True,1000.0,4.0
adaptive,spoofing,43,r=0.0,0.03333333333333333,0.0,540,0.0,433.20000000000005,29.333333333333332,1196.8,0.0,1659.3333333333333,146.3401583333333,101.8026406779661,29.37812711864407,0.0,0.0,604.0,604.0,1.0,1.0,0.0,,True,True,True,6000.0,1.0
adaptive,benign,42,r=0.01,0.05333333333333334,0.0,600,0.0,288.8,29.866666666666667,1194.5333333333333,0.0,1513.2,98.42183833333335,99.41210508474575,26.406025423728813,0.0,0.0,,,,,,,,,,,
adaptive,flooding,42,r=0.01,0.04814814814814815,0.0,540,0.0,326.8,32.0,1158.2666666666667,0.0,1517.0666666666666,106.6443566666667,101.21882711864407,26.981593220338983,2.0,0.0,537.0,340.0,0.782122905027933,0.0,0.6558823529411765,2700.0,True,False,True,1000.0,3.0
adaptive,privilege_escalation,42,r=0.01,0.05740740740740741,0.0,540,0.0,397.73333333333335,41.06666666666667,1179.3333333333333,0.8,1618.9333333333332,139.04016333333337,102.32130508474577,27.756976271186442,2.0,1.0,570.0,434.0,0.9368421052631579,0.0,0.9170506912442397,2100.0,True,False,True,1000.0,4.0
adaptive,spoofing,42,r=0.01,0.04814814814814815,0.0,540,0.0,430.66666666666663,30.4,1187.7333333333333,0.0,1648.8,145.1019949999999,100.08974576271187,26.966628813559325,0.0,0.0,547.0,547.0,1.0,1.0,0.0,,True,True,True,5000.0,1.0
adaptive,benign,43,r=0.01,0.04833333333333333,0.0,600,0.0,286.26666666666665,29.333333333333332,1176.4,0.0,1492.0,90.6840333333333,98.65850677966102,27.11683559322034,0.0,0.0,,,,,,,,,,,
adaptive,flooding,43,r=0.01,0.06851851851851852,0.0,540,0.0,304.0,30.933333333333334,1201.3333333333333,0.8,1537.0666666666666,97.13568000000002,98.17891016949154,26.74034406779661,2.0,1.0,598.0,146.0,0.9080267558528428,0.0,0.6232876712328768,2300.0,True,False,True,1000.0,4.0
adaptive,privilege_escalation,43,r=0.01,0.06666666666666667,0.0,540,0.0,400.26666666666665,41.6,1196.8,0.8,1639.4666666666665,139.53159499999998,102.8369779661017,27.370001694915256,1.0,1.0,618.0,603.0,0.9320388349514563,0.0,0.9303482587064676,2100.0,True,False,True,1000.0,4.0
adaptive,spoofing,43,r=0.01,0.06851851851851852,0.0,540,0.0,433.20000000000005,29.333333333333332,1196.8,0.0,1659.3333333333333,150.8326700000001,104.61368305084744,29.618749152542375,0.0,0.0,604.0,604.0,1.0,1.0,0.0,,True,True,True,6000.0,1.0
adaptive,benign,42,r=0.05,0.08666666666666667,0.0,600,0.0,288.8,29.866666666666667,1194.5333333333333,0.0,1513.2,102.59034166666666,102.99492033898306,27.70402542372882,0.0,0.0,,,,,,,,,,,
adaptive,flooding,42,r=0.05,0.07777777777777778,0.0,540,0.0,304.0,30.933333333333334,1190.4666666666667,0.8,1526.2,105.17814666666663,105.61442033898307,28.102803389830505,1.0,1.0,621.0,187.0,0.8679549114331723,0.0,0.5614973262032086,2700.0,True,False,True,1000.0,4.0
adaptive,privilege_escalation,42,r=0.05,0.08888888888888889,0.0,540,0.0,407.8666666666667,42.13333333333333,1194.5333333333333,0.8,1645.3333333333333,138.29061833333333,103.4416186440678,27.77564406779661,2.0,1.0,572.0,428.0,0.9737762237762237,0.0,0.9649532710280374,1200.0,True,False,True,1000.0,4.0
adaptive,spoofing,42,r=0.05,0.08703703703703704,0.0,540,0.0,430.66666666666663,30.4,1187.7333333333333,0.0,1648.8,142.02599500000002,100.57301694915255,26.957930508474572,0.0,0.0,547.0,547.0,1.0,1.0,0.0,,True,True,True,6000.0,1.0
adaptive,benign,43,r=0.05,0.11333333333333333,0.0,600,0.0,286.26666666666665,29.333333333333332,1176.4,0.0,1492.0,92.03739,99.29024237288135,27.862013559322033,0.0,0.0,,,,,,,,,,,
adaptive,flooding,43,r=0.05,0.1259259259259259,0.0,540,0.0,309.06666666666666,31.466666666666665,1194.5333333333333,0.8,1535.8666666666666,100.12627500000002,98.19741525423728,26.25623220338983,2.0,1.0,597.0,174.0,0.8860971524288107,0.005747126436781609,0.603448275862069,2300.0,True,False,True,1000.0,4.0
adaptive,privilege_escalation,43,r=0.05,0.12962962962962962,0.0,540,0.0,400.26666666666665,41.6,1196.8,0.8,1639.4666666666665,131.89951000000002,97.54118135593221,26.567476271186436,1.0,1.0,618.0,603.0,0.9320388349514563,0.0,0.9303482587064676,2100.0,True,False,True,1000.0,4.0
adaptive,spoofing,43,r=0.05,0.12962962962962962,0.0,540,0.0,433.20000000000005,29.333333333333332,1196.8,0.0,1659.3333333333333,138.8603283333333,97.49483389830509,25.814361016949157,0.0,0.0,604.0,604.0,1.0,1.0,0.0,,True,True,True,6000.0,1.0
