model,noise_sigma,majority_votes,uniqueness,uniformity,reliability,bit_aliasing_std,eval_time_us
xor_arbiter,0.0,1,0.49951822916666666,0.5023681640625,1.0,0.12587780533953588,328.2825
xor_arbiter,0.0,5,0.5000390625,0.4976318359375,1.0,0.12490428836552445,490.535
xor_arbiter,0.25,1,0.5002978515625,0.50262451171875,0.96169921875,0.12441259589895337,353.975
xor_arbiter,0.25,5,0.49958170572916666,0.50394287109375,0.97885498046875,0.12572004298039033,665.06
xor_arbiter,0.5,1,0.5002197265625,0.49945068359375,0.92590576171875,0.12458612051634785,329.2275
xor_arbiter,0.5,5,0.500478515625,0.5033447265625,0.956708984375,0.12405445822300525,736.25
xor_arbiter,1.0,1,0.5006640625,0.4994873046875,0.86059326171875,0.12374755693201196,342.1825
xor_arbiter,1.0,5,0.5004345703125,0.49783935546875,0.9182958984375,0.1241637095983573,743.4275
xor_arbiter,2.0,1,0.5005859375,0.50302734375,0.75275146484375,0.12385950503168636,334.5575
xor_arbiter,2.0,5,0.5001822916666666,0.49931640625,0.835888671875,0.12465586019451697,614.965
ideal,0.0,1,0.4992724609375,0.50067138671875,1.0,0.1263549887239153,9.3775
