level,op,n,mean,median,std,min,max,p95,p99,ci95,host_interruptions
128,hash,300.0,1.2243333333333333,1.2,0.1509431515689736,1.1,2.8,1.3,2.1,0.017080825561372765,0
128,mod_inv,300.0,11.502333333333333,11.3,0.6269007663031904,10.9,15.9,12.4,14.602999999999996,0.0709404999313446,0
128,point_add,300.0,4.6866666666666665,3.5,2.329128238216123,3.3,22.4,7.7,14.703999999999995,0.26356567180100254,0
128,point_mul,300.0,1276.51,1230.7,182.9032076753342,1172.5,3063.8,1506.7350000000001,1896.634999999994,20.69744637265204,0
128,point_mul_generator,300.0,354.933,341.45,41.9380704154021,333.3,656.1,419.78000000000003,530.3109999999997,4.745739423750672,0
128,puf,300.0,85.15333333333334,78.2,26.18323308030058,72.4,390.8,110.63500000000003,184.8219999999998,2.9629117467645854,0
128,rand,300.0,2.927666666666667,2.8,0.41477868808460516,2.7,8.7,3.1,4.101999999999998,0.04693662709507425,0
128,ss_gen,300.0,0.48766666666666664,0.5,0.10384524546446089,0.4,1.5,0.6,0.8009999999999992,0.011751195762901973,0
128,ss_rec,300.0,2.653666666666666,2.6,0.3638606015312887,2.4,8.0,2.8,3.8039999999999963,0.041174703183351376,0
128,sym_dec,300.0,3.6213333333333337,3.6,0.38976653103870873,3.3,9.1,3.9,4.7,0.04410623507679579,0
128,sym_enc,300.0,5.360666666666666,5.2,0.8683892494252101,4.7,15.6,6.105,8.713999999999986,0.09826749431573632,0
192,hash,300.0,6.679,5.3,20.375560619736625,4.6,357.2,6.205000000000001,10.240999999999872,2.305711740104117,1
192,mod_inv,300.0,65.76,60.1,27.546215346815078,56.4,376.6,84.85000000000004,177.8949999999998,3.1171477097452605,0
192,point_add,300.0,16.240999999999996,13.6,39.74504220991039,12.5,701.6,15.605,25.331999999999972,4.49757492049358,1
192,point_mul,300.0,4359.650999999999,2880.6,2872.254135394936,2707.6,23540.5,10017.855000000001,12496.062999999995,325.02615285725125,0
192,point_mul_generator,300.0,2388.2453333333333,2308.55,462.494569518753,1379.8,7283.6,3005.0950000000003,4130.744999999998,52.336187385236855,0
192,puf,300.0,350.4176666666666,333.95000000000005,84.26477970193879,188.0,957.5,502.7900000000001,724.4069999999998,9.535457475847299,0
192,rand,300.0,11.729666666666668,10.9,5.657027466323458,10.3,97.7,12.805000000000001,29.284999999999922,0.6401529207770111,0
192,ss_gen,300.0,1.4280000000000002,1.3,1.4097187745828494,1.2,25.5,1.6,2.601999999999998,0.1595246967414672,0
192,ss_rec,300.0,10.097333333333333,9.9,1.236915284200925,9.0,27.9,11.2,12.11199999999999,0.13997014097044064,0
192,sym_dec,300.0,17.096333333333334,16.7,2.7578201164818195,14.6,40.9,18.405,38.40599999999999,0.3120767245789593,0
192,sym_enc,300.0,23.863,21.8,31.22812595244345,13.4,476.1,25.325000000000006,113.38899999999946,3.5337951172864295,0
256,hash,300.0,4.740666666666668,4.7,0.684378649585826,4.5,15.8,4.9,5.307999999999993,0.0774447347229378,0
256,mod_inv,300.0,109.42966666666668,103.0,32.91866666912761,92.0,357.8,137.60500000000005,299.608,3.725097808305739,0
256,point_add,300.0,18.347,17.2,8.641400562346925,16.8,109.3,18.005000000000003,51.2349999999996,0.9778665284058906,0
256,point_mul,300.0,17192.81,17086.15,2678.9140168606464,10965.8,37074.4,20654.61,24070.275999999983,303.1476588389897,0
256,point_mul_generator,300.0,5110.098333333333,4887.75,1155.0146083559323,3631.5,18552.9,6387.085000000002,8196.264999999985,130.70220703024054,0
256,puf,300.0,351.17133333333334,322.9,115.36046130135355,259.5,1170.6,570.3650000000001,843.5949999999999,13.05426510369047,0
256,rand,300.0,17.231333333333332,15.2,16.157575386283476,14.4,208.0,17.015000000000004,69.28799999999956,1.8284017777495971,0
256,ss_gen,300.0,2.274666666666666,1.6,10.29924624099572,1.5,179.8,1.9,3.501999999999998,1.1654694275790674,1
256,ss_rec,300.0,12.987333333333332,12.8,1.6105337475701744,12.5,37.5,13.3,15.431999999999972,0.18224905016892892,0
256,sym_dec,300.0,16.968999999999998,14.8,16.197968585215413,14.1,220.5,17.1,72.37599999999993,1.832972698507847,0
256,sym_enc,300.0,22.300333333333334,21.1,11.632857680507344,20.6,214.2,22.805000000000003,39.94099999999996,1.316381768603962,0
