kind,d2dap,d2dap_ids,d2dap_ids_trust,adaptive
abnormal,0.07333607835063675,0.9016552880584502,0.292264093502054,0.8951386026144869
dos,1.0,1.0,1.0,1.0
flooding,0.12732528417722552,0.8238822712321946,0.5928832838485844,0.858187656954421
impersonation,1.0,1.0,1.0,1.0
privilege_escalation,0.014423047245202195,0.8971316782075099,0.20209864354325746,0.9276888598146789
replay,0.9212565336526284,0.9814490464088651,0.9130520912285537,0.9130520912285537
spoofing,1.0,1.0,1.0,1.0
tampering,1.0,1.0,1.0,1.0
unauthorized_access,1.0,1.0,1.0,1.0
