a,b,distance_m
D1,D10,214.77
D1,D4,247.19
D1,D9,229.48
D10,D11,172.11
D10,D12,155.33
D10,D4,61.07
D10,D6,204.63
D10,D7,126.63
D10,D8,200.49
D10,D9,90.0
D11,D12,130.37
D11,D2,169.0
D11,D3,131.49
D11,D4,130.05
D11,D5,180.58
D11,D6,53.39
D11,D7,72.26
D11,D8,70.83
D11,D9,110.08
D12,D3,244.12
D12,D4,119.28
D12,D6,130.18
D12,D7,160.02
D12,D8,198.55
D12,D9,151.2
D2,D3,149.92
D2,D4,238.24
D2,D5,125.35
D2,D6,201.91
D2,D7,146.87
D2,D8,98.37
D2,D9,188.31
D3,D5,68.75
D3,D6,136.33
D3,D7,176.07
D3,D8,108.34
D3,D9,217.58
D4,D6,167.87
D4,D7,97.14
D4,D8,164.7
D4,D9,51.95
D5,D6,188.71
D5,D7,207.64
D5,D8,133.62
D6,D7,119.46
D6,D8,108.52
D6,D9,157.93
D7,D8,74.04
D7,D9,57.73
D8,D9,123.78
