id,role,x,y
D1,leader,483.2202813400497,388.3417443894339
D2,relay,190.38034089582214,373.54841614706675
D3,relay,99.0683051217982,260.8677598622496
D4,worker,339.53401005746304,190.7986483161811
D5,worker,77.16896761937622,323.33232950800664
D6,worker,182.87554360035685,173.25162270065294
D7,worker,270.66099806961023,250.56585850768425
D8,worker,201.32687214400823,275.9385986263968
D9,worker,315.26631188083957,236.7282002614964
D10,worker,385.31311325346246,197.1998868066053
D11,worker,213.76606514600164,206.22272809139514
D12,worker,274.28849123828707,91.85241712391961
