variant,seed,kind,success_rate,d2dap_rejection_signals,victim_cpu_ms_per_s,stride,attacker,target,start_ms,end_ms,packets_attempted,packets_sent,packets_accepted,packets_dropped,drop_reasons,auth_attempts,auth_accepted,auth_failures,victim_compute_ms,crp_consumed,params,ids_alerted,max_attacker_state,min_attacker_trust,extra_replayed_auth,extra_replayed_data,extra_auth_replays_accepted,extra_credentials_extracted,extra_captured,extra_data_captured,extra_data_plaintext_fraction,extra_auth_msgs_with_identity,extra_auth_msgs_captured,extra_link_layer_src_exposed_fraction,extra_master_secret_recovered
baseline,42,spoofing,1.0,0,0.0,S,X-spoofing-1,D3,15000,45000,596,596,585,11,{'channel_loss': 11},0,0,{},0.0,0,[],,,,,,,,,,,,,,
baseline,43,spoofing,1.0,0,0.0,S,X-spoofing-1,D3,15000,45000,590,590,585,5,{'channel_loss': 5},0,0,{},0.0,0,[],,,,,,,,,,,,,,
baseline,44,spoofing,1.0,0,0.0,S,X-spoofing-1,D3,15000,45000,632,632,517,115,"{'out_of_range': 104, 'channel_loss': 11}",0,0,{},0.0,0,[],,,,,,,,,,,,,,
d2dap,42,spoofing,0.0,547,85.36068999999999,S,X-spoofing-1,D3,15000,45000,552,552,0,552,"{'unauthenticated': 274, 'no_session': 199, 'channel_loss': 5, 'auth_failed': 53, 'integrity': 21}",53,0,{'freshness': 53},2560.821,0,[],,,,,,,,,,,,,,
d2dap,43,spoofing,0.0,600,96.11876999999998,S,X-spoofing-1,D3,15000,45000,607,607,0,607,"{'unauthenticated': 260, 'no_session': 251, 'integrity': 28, 'auth_failed': 61, 'channel_loss': 7}",61,0,{'freshness': 61},2883.563,0,[],,,,,,,,,,,,,,
d2dap,44,spoofing,0.0,515,95.58047333333334,S,X-spoofing-1,D3,15000,45000,627,627,0,627,"{'no_session': 137, 'unauthenticated': 317, 'auth_failed': 60, 'integrity': 1, 'out_of_range': 99, 'channel_loss': 13}",60,0,{'freshness': 60},2867.414,0,[],,,,,,,,,,,,,,
d2dap_ids,42,spoofing,0.0,81,14.441206666666664,S,X-spoofing-1,D3,15000,45000,605,605,0,605,"{'unauthenticated': 54, 'no_session': 17, 'channel_loss': 13, 'policy:ids_block': 511, 'integrity': 1, 'auth_failed': 9}",9,0,{'freshness': 9},433.236,0,[],1.0,0.0,,,,,,,,,,,,
d2dap_ids,43,spoofing,0.0,79,9.874856666666666,S,X-spoofing-1,D3,15000,45000,612,612,0,612,"{'no_session': 26, 'unauthenticated': 45, 'integrity': 2, 'auth_failed': 6, 'policy:ids_block': 527, 'channel_loss': 6}",6,0,{'freshness': 6},296.246,0,[],1.0,0.0,,,,,,,,,,,,
d2dap_ids,44,spoofing,0.0,66,11.004446666666665,S,X-spoofing-1,D3,15000,45000,637,637,0,637,"{'no_session': 24, 'unauthenticated': 34, 'auth_failed': 7, 'integrity': 1, 'channel_loss': 17, 'policy:ids_block': 448, 'out_of_range': 106}",7,0,{'freshness': 7},330.133,0,[],1.0,0.0,,,,,,,,,,,,
adaptive,42,spoofing,0.0,547,86.1762533333333,S,X-spoofing-1,D3,15000,45000,556,556,0,556,"{'unauthenticated': 276, 'no_session': 199, 'channel_loss': 9, 'auth_failed': 53, 'integrity': 19}",53,0,{'freshness': 53},2585.288,0,[],1.0,1.0,0.6474173097544406,,,,,,,,,,,
adaptive,43,spoofing,0.0,604,98.78003333333335,S,X-spoofing-1,D3,15000,45000,607,607,0,607,"{'unauthenticated': 261, 'no_session': 255, 'integrity': 27, 'auth_failed': 61, 'channel_loss': 3}",61,0,{'freshness': 61},2963.401,0,[],1.0,1.0,0.631360259848378,,,,,,,,,,,
adaptive,44,spoofing,0.0,509,89.92784333333333,S,X-spoofing-1,D3,15000,45000,634,634,0,634,"{'no_session': 121, 'unauthenticated': 332, 'auth_failed': 55, 'integrity': 1, 'channel_loss': 18, 'out_of_range': 107}",55,0,{'freshness': 55},2697.835,0,[],1.0,1.0,0.6341229126450006,,,,,,,,,,,
baseline,42,replay,1.0,0,0.0,SD,X-replay-1,D3,15000,45000,554,554,539,15,"{'channel_loss': 14, 'receiver_inactive': 1}",0,0,{},0.0,0,"[('window', 'in')]",,,,0.0,554.0,0.0,,,,,,,,
baseline,43,replay,1.0,0,0.0,SD,X-replay-1,D3,15000,45000,621,621,614,7,{'channel_loss': 7},0,0,{},0.0,0,"[('window', 'in')]",,,,0.0,621.0,0.0,,,,,,,,
baseline,44,replay,1.0,0,0.0,SD,X-replay-1,D3,15000,45000,603,603,175,428,"{'channel_loss': 4, 'out_of_range': 424}",0,0,{},0.0,0,"[('window', 'in')]",,,,0.0,603.0,0.0,,,,,,,,
d2dap,42,replay,0.13686131386861314,473,78.16748999999997,SD,X-replay-1,D3,15000,45000,561,561,75,486,"{'replay': 71, 'no_session': 402, 'channel_loss': 13}",60,60,{},2345.025,60,"[('window', 'in')]",,,,63.0,498.0,60.0,,,,,,,,
d2dap,43,replay,0.09936908517350158,571,64.07495,SD,X-replay-1,D3,15000,45000,638,638,63,575,"{'replay': 100, 'no_session': 471, 'channel_loss': 4}",45,45,{},1922.249,45,"[('window', 'in')]",,,,45.0,593.0,45.0,,,,,,,,
d2dap,44,replay,0.0,29,0.0,SD,X-replay-1,D3,15000,45000,593,593,0,593,"{'no_session': 23, 'channel_loss': 1, 'replay': 6, 'out_of_range': 563}",0,0,{},0.0,0,"[('window', 'in')]",,,,44.0,549.0,0.0,,,,,,,,
d2dap_ids,42,replay,0.03985507246376811,206,28.055810000000005,SD,X-replay-1,D3,15000,45000,565,565,22,543,"{'replay': 34, 'no_session': 172, 'policy:ids_block': 324, 'channel_loss': 13}",22,22,{},841.674,22,"[('window', 'in')]",1.0,0.0,,66.0,499.0,22.0,,,,,,,,
d2dap_ids,43,replay,0.01579778830963665,248,13.228333333333333,SD,X-replay-1,D3,15000,45000,636,636,10,626,"{'no_session': 203, 'replay': 45, 'policy:ids_block': 375, 'channel_loss': 3}",8,8,{},396.85,8,"[('window', 'in')]",1.0,0.0,,65.0,571.0,8.0,,,,,,,,
d2dap_ids,44,replay,0.0,28,0.0,SD,X-replay-1,D3,15000,45000,608,608,0,608,"{'no_session': 23, 'replay': 5, 'channel_loss': 2, 'out_of_range': 578}",0,0,{},0.0,0,"[('window', 'in')]",1.0,0.0,,109.0,499.0,0.0,,,,,,,,
adaptive,42,replay,0.14673913043478262,471,81.43355000000001,SD,X-replay-1,D3,15000,45000,563,563,81,482,"{'replay': 67, 'no_session': 404, 'channel_loss': 11}",63,63,{},2443.007,63,"[('window', 'in')]",1.0,1.0,0.6718048759756792,64.0,499.0,63.0,,,,,,,,
adaptive,43,replay,0.11410459587955626,559,65.26937999999998,SD,X-replay-1,D3,15000,45000,638,638,72,566,"{'replay': 99, 'no_session': 460, 'channel_loss': 7}",45,45,{},1958.081,45,"[('window', 'in')]",1.0,1.0,0.6540732988540888,45.0,593.0,45.0,,,,,,,,
adaptive,44,replay,0.0,28,0.0,SD,X-replay-1,D3,15000,45000,608,608,0,608,"{'no_session': 23, 'replay': 5, 'channel_loss': 2, 'out_of_range': 578}",0,0,{},0.0,0,"[('window', 'in')]",1.0,0.0,0.9160104296463639,109.0,499.0,0.0,,,,,,,,
baseline,42,replay,1.0,0,0.0,SD,X-replay-1,D3,15000,45000,554,554,539,15,"{'channel_loss': 14, 'receiver_inactive': 1}",0,0,{},0.0,0,"[('window', 'stale')]",,,,0.0,554.0,0.0,,,,,,,,
baseline,43,replay,1.0,0,0.0,SD,X-replay-1,D3,15000,45000,621,621,614,7,{'channel_loss': 7},0,0,{},0.0,0,"[('window', 'stale')]",,,,0.0,621.0,0.0,,,,,,,,
baseline,44,replay,1.0,0,0.0,SD,X-replay-1,D3,15000,45000,603,603,175,428,"{'channel_loss': 4, 'out_of_range': 424}",0,0,{},0.0,0,"[('window', 'stale')]",,,,0.0,603.0,0.0,,,,,,,,
d2dap,42,replay,0.0,558,447.742766666667,SD,X-replay-1,D3,15000,45000,570,570,0,570,"{'auth_failed': 293, 'channel_loss': 12, 'replay': 36, 'no_session': 229}",293,0,{'freshness': 293},13432.283,0,"[('window', 'stale')]",,,,297.0,273.0,0.0,,,,,,,,
d2dap,43,replay,0.0,614,470.87645666666657,SD,X-replay-1,D3,15000,45000,620,620,0,620,"{'auth_failed': 299, 'no_session': 257, 'replay': 58, 'channel_loss': 6}",297,0,{'freshness': 297},14126.294,0,"[('window', 'stale')]",,,,301.0,319.0,0.0,,,,,,,,
d2dap,44,replay,0.0,23,19.168783333333334,SD,X-replay-1,D3,15000,45000,591,591,0,591,"{'auth_failed': 12, 'no_session': 8, 'replay': 3, 'out_of_range': 568}",12,0,{'freshness': 12},575.063,0,"[('window', 'stale')]",,,,299.0,292.0,0.0,,,,,,,,
d2dap_ids,42,replay,0.0,101,53.50128999999999,SD,X-replay-1,D3,15000,45000,570,570,0,570,"{'auth_failed': 36, 'replay': 3, 'no_session': 62, 'channel_loss': 8, 'policy:ids_block': 461}",36,0,{'freshness': 36},1605.039,0,"[('window', 'stale')]",1.0,0.0,,297.0,273.0,0.0,,,,,,,,
d2dap_ids,43,replay,0.0,142,65.87208,SD,X-replay-1,D3,15000,45000,620,620,0,620,"{'auth_failed': 44, 'no_session': 90, 'replay': 8, 'policy:ids_block': 468, 'channel_loss': 10}",42,0,{'freshness': 42},1976.162,0,"[('window', 'stale')]",1.0,0.0,,301.0,319.0,0.0,,,,,,,,
d2dap_ids,44,replay,0.0,19,14.201436666666668,SD,X-replay-1,D3,15000,45000,591,591,0,591,"{'auth_failed': 9, 'no_session': 6, 'replay': 4, 'channel_loss': 1, 'policy:ids_block': 3, 'out_of_range': 568}",9,0,{'freshness': 9},426.043,0,"[('window', 'stale')]",1.0,0.0,,299.0,292.0,0.0,,,,,,,,
adaptive,42,replay,0.0,561,449.2539533333331,SD,X-replay-1,D3,15000,45000,570,570,0,570,"{'auth_failed': 293, 'replay': 28, 'no_session': 240, 'channel_loss': 9}",293,0,{'freshness': 293},13477.619,0,"[('window', 'stale')]",1.0,1.0,0.6006259128932232,297.0,273.0,0.0,,,,,,,,
adaptive,43,replay,0.0,611,474.2518266666664,SD,X-replay-1,D3,15000,45000,620,620,0,620,"{'auth_failed': 298, 'no_session': 255, 'replay': 58, 'channel_loss': 9}",296,0,{'freshness': 296},14227.555,0,"[('window', 'stale')]",1.0,1.0,0.608627111211074,301.0,319.0,0.0,,,,,,,,
adaptive,44,replay,0.0,22,17.83839,SD,X-replay-1,D3,15000,45000,591,591,0,591,"{'auth_failed': 11, 'no_session': 7, 'replay': 4, 'channel_loss': 1, 'out_of_range': 568}",11,0,{'freshness': 11},535.152,0,"[('window', 'stale')]",1.0,0.0,0.8924134311966044,299.0,292.0,0.0,,,,,,,,
baseline,42,impersonation,1.0,0,0.0,SE,X-impersonation-1,D3,15000,45000,616,616,614,2,{'channel_loss': 2},0,0,{},0.0,0,[],,,,,,,False,,,,,,,
baseline,43,impersonation,1.0,0,0.0,SE,X-impersonation-1,D3,15000,45000,605,605,601,4,{'channel_loss': 4},0,0,{},0.0,0,[],,,,,,,False,,,,,,,
baseline,44,impersonation,1.0,0,0.0,SE,X-impersonation-1,D3,15000,45000,603,603,594,9,{'channel_loss': 9},0,0,{},0.0,0,[],,,,,,,False,,,,,,,
d2dap,42,impersonation,0.0,575,220.8084366666667,SE,X-impersonation-1,D3,15000,45000,577,577,0,577,"{'auth_failed': 175, 'unauthenticated': 400, 'channel_loss': 2}",175,0,{'secret_mismatch': 175},6624.253,0,[],,,,,,,True,,,,,,,
d2dap,43,impersonation,0.0,582,223.45928333333327,SE,X-impersonation-1,D3,15000,45000,587,587,0,587,"{'auth_failed': 165, 'unauthenticated': 417, 'channel_loss': 5}",164,0,{'secret_mismatch': 164},6703.778,0,[],,,,,,,True,,,,,,,
d2dap,44,impersonation,0.0,630,227.30096333333321,SE,X-impersonation-1,D3,15000,45000,640,640,0,640,"{'channel_loss': 10, 'unauthenticated': 459, 'auth_failed': 171}",170,0,{'secret_mismatch': 170},6819.029,0,[],,,,,,,True,,,,,,,
d2dap_ids,42,impersonation,0.0,63,21.83717,SE,X-impersonation-1,D3,15000,45000,577,577,0,577,"{'auth_failed': 17, 'unauthenticated': 46, 'policy:ids_block': 510, 'channel_loss': 4}",17,0,{'secret_mismatch': 17},655.115,0,[],1.0,0.0,,,,,True,,,,,,,
d2dap_ids,43,impersonation,0.0,92,31.04273333333333,SE,X-impersonation-1,D3,15000,45000,587,587,0,587,"{'auth_failed': 28, 'unauthenticated': 64, 'policy:ids_block': 487, 'channel_loss': 8}",27,0,{'secret_mismatch': 27},931.282,0,[],1.0,0.0,,,,,True,,,,,,,
d2dap_ids,44,impersonation,0.0,103,43.34222666666667,SE,X-impersonation-1,D3,15000,45000,640,640,0,640,"{'channel_loss': 6, 'unauthenticated': 72, 'auth_failed': 31, 'policy:ids_block': 531}",30,0,{'secret_mismatch': 30},1300.267,0,[],1.0,0.0,,,,,True,,,,,,,
adaptive,42,impersonation,0.0,573,224.56251333333333,SE,X-impersonation-1,D3,15000,45000,577,577,0,577,"{'auth_failed': 175, 'unauthenticated': 398, 'channel_loss': 4}",175,0,{'secret_mismatch': 175},6736.875,0,[],1.0,1.0,0.6008097033944275,,,,True,,,,,,,
adaptive,43,impersonation,0.0,581,220.38909999999984,SE,X-impersonation-1,D3,15000,45000,587,587,0,587,"{'auth_failed': 165, 'unauthenticated': 416, 'channel_loss': 6}",164,0,{'secret_mismatch': 164},6611.673,0,[],1.0,1.0,0.6037630398856485,,,,True,,,,,,,
adaptive,44,impersonation,0.0,634,228.86746666666673,SE,X-impersonation-1,D3,15000,45000,640,640,0,640,"{'channel_loss': 6, 'unauthenticated': 463, 'auth_failed': 171}",170,0,{'secret_mismatch': 170},6866.024,0,[],1.0,1.0,0.6000756288645654,,,,True,,,,,,,
baseline,42,tampering,1.0,0,0.0,T,X-tampering-1,D3,15000,45000,86,86,86,0,{},0,0,{},0.0,0,[],,,,,,,,,,,,,,
baseline,43,tampering,1.0,0,0.0,T,X-tampering-1,D3,15000,45000,78,78,78,0,{},0,0,{},0.0,0,[],,,,,,,,,,,,,,
baseline,44,tampering,1.0,0,0.0,T,X-tampering-1,D3,15000,45000,68,68,68,0,{},0,0,{},0.0,0,[],,,,,,,,,,,,,,
d2dap,42,tampering,0.0,60,2.0278566666666666,T,X-tampering-1,D3,15000,45000,60,60,0,60,"{'integrity': 59, 'auth_failed': 1}",1,0,{'signature': 1},60.836,0,[],,,,,,,,,,,,,,
d2dap,43,tampering,0.0,78,0.0,T,X-tampering-1,D3,15000,45000,78,78,0,78,{'integrity': 78},0,0,{},0.0,0,[],,,,,,,,,,,,,,
d2dap,44,tampering,0.0,32,0.0,T,X-tampering-1,D3,15000,45000,32,32,0,32,{'integrity': 32},0,0,{},0.0,0,[],,,,,,,,,,,,,,
d2dap_ids,42,tampering,0.0,36,3.732043333333333,T,X-tampering-1,D3,15000,45000,36,36,0,36,"{'integrity': 8, 'auth_failed': 2, 'no_session': 26}",2,0,{'signature': 2},111.961,0,[],1.0,0.0,,,,,,,,,,,,
d2dap_ids,43,tampering,0.0,52,0.0,T,X-tampering-1,D3,15000,45000,52,52,0,52,"{'integrity': 51, 'no_session': 1}",0,0,{},0.0,0,[],1.0,0.0,,,,,,,,,,,,
d2dap_ids,44,tampering,0.0,15,0.0,T,X-tampering-1,D3,15000,45000,15,15,0,15,{'integrity': 15},0,0,{},0.0,0,[],1.0,0.0,,,,,,,,,,,,
adaptive,42,tampering,0.0,55,5.524093333333334,T,X-tampering-1,D3,15000,45000,55,55,0,55,"{'integrity': 52, 'auth_failed': 3}",3,0,"{'signature': 2, 'freshness': 1}",165.723,0,[],1.0,1.0,0.7226972123135458,,,,,,,,,,,
adaptive,43,tampering,0.0,73,3.651066666666667,T,X-tampering-1,D3,15000,45000,73,73,0,73,"{'integrity': 71, 'auth_failed': 2}",2,0,{'freshness': 2},109.532,0,[],1.0,1.0,0.7209416349923067,,,,,,,,,,,
adaptive,44,tampering,0.0,29,0.0,T,X-tampering-1,D3,15000,45000,29,29,0,29,{'integrity': 29},0,0,{},0.0,0,[],1.0,0.0,0.8119898185320252,,,,,,,,,,,
baseline,42,eavesdropping,1.0,0,0.0,I,X-eavesdropping-1,D3,15000,45000,0,0,0,0,{},0,0,{},0.0,0,[],,,,,,,,4238.0,1676.0,1.0,0.0,0.0,1.0,
baseline,43,eavesdropping,1.0,0,0.0,I,X-eavesdropping-1,D3,15000,45000,0,0,0,0,{},0,0,{},0.0,0,[],,,,,,,,5404.0,2400.0,1.0,0.0,0.0,1.0,
baseline,44,eavesdropping,1.0,0,0.0,I,X-eavesdropping-1,D3,15000,45000,0,0,0,0,{},0,0,{},0.0,0,[],,,,,,,,3826.0,1497.0,1.0,0.0,0.0,1.0,
d2dap,42,eavesdropping,0.0,0,0.0,I,X-eavesdropping-1,D3,15000,45000,0,0,0,0,{},0,0,{},0.0,0,[],,,,,,,,4542.0,1639.0,0.0,0.0,26.0,1.0,
d2dap,43,eavesdropping,0.0,0,0.0,I,X-eavesdropping-1,D3,15000,45000,0,0,0,0,{},0,0,{},0.0,0,[],,,,,,,,5710.0,2382.0,0.0,0.0,28.0,1.0,
d2dap,44,eavesdropping,0.0,0,0.0,I,X-eavesdropping-1,D3,15000,45000,0,0,0,0,{},0,0,{},0.0,0,[],,,,,,,,3776.0,1389.0,0.0,3.0,25.0,1.0,
d2dap_ids,42,eavesdropping,0.0,0,0.0,I,X-eavesdropping-1,D3,15000,45000,0,0,0,0,{},0,0,{},0.0,0,[],0.0,0.0,,,,,,4782.0,1639.0,0.0,0.0,26.0,1.0,
d2dap_ids,43,eavesdropping,0.0,0,0.0,I,X-eavesdropping-1,D3,15000,45000,0,0,0,0,{},0,0,{},0.0,0,[],0.0,0.0,,,,,,5903.0,2320.0,0.0,0.0,27.0,1.0,
d2dap_ids,44,eavesdropping,0.0,0,0.0,I,X-eavesdropping-1,D3,15000,45000,0,0,0,0,{},0,0,{},0.0,0,[],0.0,0.0,,,,,,3927.0,1329.0,0.0,2.0,31.0,1.0,
adaptive,42,eavesdropping,0.0,0,0.0,I,X-eavesdropping-1,D3,15000,45000,0,0,0,0,{},0,0,{},0.0,0,[],0.0,0.0,,,,,,4782.0,1639.0,0.0,0.0,26.0,1.0,
adaptive,43,eavesdropping,0.0,0,0.0,I,X-eavesdropping-1,D3,15000,45000,0,0,0,0,{},0,0,{},0.0,0,[],0.0,0.0,,,,,,5955.0,2364.0,0.0,1.0,29.0,1.0,
adaptive,44,eavesdropping,0.0,0,0.0,I,X-eavesdropping-1,D3,15000,45000,0,0,0,0,{},0,0,{},0.0,0,[],0.0,0.0,,,,,,3927.0,1329.0,0.0,2.0,31.0,1.0,
baseline,42,abnormal,1.0,0,0.0,ID,D3,D3,15000,45000,624,624,514,110,"{'channel_loss': 9, 'out_of_range': 101}",0,0,{},0.0,0,[],,,,,,,,,,,,,,
baseline,43,abnormal,1.0,0,0.0,ID,D3,D3,15000,45000,610,610,602,8,{'channel_loss': 8},0,0,{},0.0,0,[],,,,,,,,,,,,,,
baseline,44,abnormal,1.0,0,0.0,ID,D3,D3,15000,45000,588,588,534,54,"{'out_of_range': 42, 'channel_loss': 12}",0,0,{},0.0,0,[],,,,,,,,,,,,,,
d2dap,42,abnormal,0.8612099644128114,6,0.0,ID,D3,D3,15000,45000,624,552,484,68,"{'channel_loss': 13, 'no_session': 6, 'out_of_range': 49}",0,0,{},0.0,0,[],,,,,,,,,,,,,,
d2dap,43,abnormal,0.9917355371900827,5,0.0,ID,D3,D3,15000,45000,610,610,600,10,"{'channel_loss': 5, 'no_session': 5}",0,0,{},0.0,0,[],,,,,,,,,,,,,,
d2dap,44,abnormal,0.9270462633451957,1,0.0,ID,D3,D3,15000,45000,588,548,521,27,"{'out_of_range': 19, 'channel_loss': 7, 'no_session': 1}",0,0,{},0.0,0,[],,,,,,,,,,,,,,
d2dap_ids,42,abnormal,0.09256198347107437,1,0.0,ID,D3,D3,15000,45000,624,367,56,311,"{'channel_loss': 4, 'policy:ids_block': 291, 'no_session': 1, 'out_of_range': 15}",0,0,{},0.0,0,[],1.0,0.0,,,,,,,,,,,,
d2dap_ids,43,abnormal,0.0859504132231405,2,0.0,ID,D3,D3,15000,45000,610,343,52,291,"{'policy:ids_block': 284, 'channel_loss': 5, 'no_session': 2}",0,0,{},0.0,0,[],1.0,0.0,,,,,,,,,,,,
d2dap_ids,44,abnormal,0.11652173913043479,0,0.0,ID,D3,D3,15000,45000,588,327,67,260,"{'policy:ids_block': 247, 'channel_loss': 6, 'out_of_range': 7}",0,0,{},0.0,0,[],1.0,0.0,,,,,,,,,,,,
adaptive,42,abnormal,0.08360128617363344,1,0.0,ID,D3,D3,15000,45000,624,160,52,108,"{'channel_loss': 2, 'policy:rate_limited': 92, 'no_session': 1, 'policy:quarantine': 13}",0,0,{},0.0,0,[],1.0,4.0,0.17064182889508367,,,,,,,,,,,
adaptive,43,abnormal,0.125,1,0.0,ID,D3,D3,15000,45000,610,177,76,101,"{'channel_loss': 2, 'policy:rate_limited': 68, 'no_session': 1, 'policy:quarantine': 30}",0,0,{},0.0,0,[],1.0,4.0,0.18456950543063014,,,,,,,,,,,
adaptive,44,abnormal,0.10598290598290598,1,0.0,ID,D3,D3,15000,45000,588,135,62,73,"{'policy:rate_limited': 46, 'channel_loss': 3, 'no_session': 1, 'policy:quarantine': 23}",0,0,{},0.0,0,[],1.0,4.0,0.19935403578978894,,,,,,,,,,,
baseline,42,dos,1.0,0,0.0,D,X-dos-1,D3,15000,45000,597,597,595,2,{'channel_loss': 2},0,0,{},0.0,0,[],,,,,,,,,,,,,,
baseline,43,dos,1.0,0,0.0,D,X-dos-1,D3,15000,45000,625,625,622,3,{'channel_loss': 3},0,0,{},0.0,0,[],,,,,,,,,,,,,,
baseline,44,dos,1.0,0,0.0,D,X-dos-1,D3,15000,45000,598,598,597,1,{'channel_loss': 1},0,0,{},0.0,0,[],,,,,,,,,,,,,,
d2dap,42,dos,0.0,594,870.8379100000004,D,X-dos-1,D3,15000,45000,597,597,0,597,"{'auth_failed': 594, 'channel_loss': 3}",591,0,{'freshness': 591},26125.137,0,[],,,,,,,,,,,,,,
d2dap,43,dos,0.0,621,945.1243599999999,D,X-dos-1,D3,15000,45000,625,625,0,625,"{'auth_failed': 621, 'channel_loss': 4}",620,0,{'freshness': 620},28353.731,0,[],,,,,,,,,,,,,,
d2dap,44,dos,0.0,594,953.065746666667,D,X-dos-1,D3,15000,45000,598,598,0,598,"{'auth_failed': 594, 'channel_loss': 4}",592,0,{'freshness': 592},28591.972,0,[],,,,,,,,,,,,,,
d2dap_ids,42,dos,0.0,313,455.3784266666663,D,X-dos-1,D3,15000,45000,597,597,0,597,"{'auth_failed': 313, 'policy:ids_block': 279, 'channel_loss': 5}",310,0,{'freshness': 310},13661.353,0,[],1.0,0.0,,,,,,,,,,,,
d2dap_ids,43,dos,0.0,340,519.752966666667,D,X-dos-1,D3,15000,45000,625,625,0,625,"{'auth_failed': 340, 'policy:ids_block': 284, 'channel_loss': 1}",339,0,{'freshness': 339},15592.589,0,[],1.0,0.0,,,,,,,,,,,,
d2dap_ids,44,dos,0.0,302,478.7113066666667,D,X-dos-1,D3,15000,45000,598,598,0,598,"{'auth_failed': 302, 'policy:ids_block': 293, 'channel_loss': 3}",300,0,{'freshness': 300},14361.339,0,[],1.0,0.0,,,,,,,,,,,,
adaptive,42,dos,0.0,593,898.4443100000011,D,X-dos-1,D3,15000,45000,597,597,0,597,"{'auth_failed': 593, 'channel_loss': 4}",590,0,{'freshness': 590},26953.329,0,[],1.0,1.0,0.6401826931942715,,,,,,,,,,,
adaptive,43,dos,0.0,624,997.2746800000002,D,X-dos-1,D3,15000,45000,625,625,0,625,"{'auth_failed': 624, 'channel_loss': 1}",623,0,{'freshness': 623},29918.24,0,[],1.0,1.0,0.64271266737555,,,,,,,,,,,
adaptive,44,dos,0.0,595,969.8231499999996,D,X-dos-1,D3,15000,45000,598,598,0,598,"{'auth_failed': 595, 'channel_loss': 3}",593,0,{'freshness': 593},29094.694,0,[],1.0,1.0,0.6159969044183237,,,,,,,,,,,
baseline,42,flooding,1.0,0,0.0,D,D3,D3,15000,45000,621,621,343,278,"{'channel_loss': 6, 'out_of_range': 272}",0,0,{},0.0,0,[],,,,,,,,,,,,,,
baseline,43,flooding,1.0,0,0.0,D,D3,D3,15000,45000,600,600,596,4,{'channel_loss': 4},0,0,{},0.0,0,[],,,,,,,,,,,,,,
baseline,44,flooding,1.0,0,0.0,D,D3,D3,15000,45000,574,574,556,18,{'channel_loss': 18},0,0,{},0.0,0,[],,,,,,,,,,,,,,
d2dap,42,flooding,0.6317757009345795,2,0.0,D,D3,D3,15000,45000,621,426,338,88,"{'channel_loss': 9, 'no_session': 2, 'out_of_range': 77}",0,0,{},0.0,0,[],,,,,,,,,,,,,,
d2dap,43,flooding,0.9916247906197655,5,0.0,D,D3,D3,15000,45000,600,600,592,8,"{'channel_loss': 3, 'no_session': 5}",0,0,{},0.0,0,[],,,,,,,,,,,,,,
d2dap,44,flooding,0.9946236559139785,3,0.0,D,D3,D3,15000,45000,574,574,555,19,"{'channel_loss': 16, 'no_session': 3}",0,0,{},0.0,0,[],,,,,,,,,,,,,,
d2dap_ids,42,flooding,0.19467213114754098,0,0.0,D,D3,D3,15000,45000,621,393,95,298,"{'policy:ids_block': 165, 'channel_loss': 2, 'out_of_range': 131}",0,0,{},0.0,0,[],1.0,0.0,,,,,,,,,,,,
d2dap_ids,43,flooding,0.10166666666666667,2,0.0,D,D3,D3,15000,45000,600,409,61,348,"{'policy:ids_block': 346, 'no_session': 2}",0,0,{},0.0,0,[],1.0,0.0,,,,,,,,,,,,
d2dap_ids,44,flooding,0.23201438848920863,0,0.0,D,D3,D3,15000,45000,574,456,129,327,"{'policy:ids_block': 309, 'channel_loss': 18}",0,0,{},0.0,0,[],1.0,0.0,,,,,,,,,,,,
adaptive,42,flooding,0.21787709497206703,0,0.0,D,D3,D3,15000,45000,621,424,117,307,"{'policy:rate_limited': 223, 'channel_loss': 9, 'out_of_range': 75}",0,0,{},0.0,0,[],1.0,3.0,0.24977836565159486,,,,,,,,,,,
adaptive,43,flooding,0.09197324414715718,0,0.0,D,D3,D3,15000,45000,600,148,55,93,"{'channel_loss': 2, 'policy:rate_limited': 89, 'policy:quarantine': 2}",0,0,{},0.0,0,[],1.0,4.0,0.29780440259409335,,,,,,,,,,,
adaptive,44,flooding,0.11558669001751314,2,0.0,D,D3,D3,15000,45000,574,165,66,99,"{'policy:rate_limited': 93, 'no_session': 2, 'channel_loss': 3, 'policy:quarantine': 1}",0,0,{},0.0,0,[],1.0,4.0,0.3277067894551584,,,,,,,,,,,
baseline,42,unauthorized_access,1.0,0,0.0,SE,X-unauthorized_access-1,D3,15000,45000,592,592,584,8,{'channel_loss': 8},0,0,{},0.0,0,[],,,,,,,,,,,,,,
baseline,43,unauthorized_access,1.0,0,0.0,SE,X-unauthorized_access-1,D3,15000,45000,577,577,570,7,{'channel_loss': 7},0,0,{},0.0,0,[],,,,,,,,,,,,,,
baseline,44,unauthorized_access,1.0,0,0.0,SE,X-unauthorized_access-1,D3,15000,45000,617,617,494,123,"{'out_of_range': 108, 'channel_loss': 15}",0,0,{},0.0,0,[],,,,,,,,,,,,,,
d2dap,42,unauthorized_access,0.0,583,268.23229333333336,SE,X-unauthorized_access-1,D3,15000,45000,592,592,0,592,"{'unauthenticated': 412, 'auth_failed': 171, 'channel_loss': 9}",171,0,{'freshness': 171},8046.969,0,[],,,,,,,,,,,,,,
d2dap,43,unauthorized_access,0.0,571,281.38796333333346,SE,X-unauthorized_access-1,D3,15000,45000,577,577,0,577,"{'unauthenticated': 390, 'auth_failed': 181, 'channel_loss': 6}",181,0,{'freshness': 181},8441.639,0,[],,,,,,,,,,,,,,
d2dap,44,unauthorized_access,0.0,500,235.2499933333332,SE,X-unauthorized_access-1,D3,15000,45000,617,617,0,617,"{'unauthenticated': 352, 'auth_failed': 148, 'channel_loss': 9, 'out_of_range': 108}",146,0,{'freshness': 146},7057.5,0,[],,,,,,,,,,,,,,
d2dap_ids,42,unauthorized_access,0.0,92,44.856843333333345,SE,X-unauthorized_access-1,D3,15000,45000,592,592,0,592,"{'unauthenticated': 63, 'auth_failed': 29, 'policy:ids_block': 494, 'channel_loss': 6}",29,0,{'freshness': 29},1345.705,0,[],1.0,0.0,,,,,,,,,,,,
d2dap_ids,43,unauthorized_access,0.0,88,38.378746666666665,SE,X-unauthorized_access-1,D3,15000,45000,577,577,0,577,"{'unauthenticated': 64, 'auth_failed': 24, 'policy:ids_block': 483, 'channel_loss': 6}",24,0,{'freshness': 24},1151.362,0,[],1.0,0.0,,,,,,,,,,,,
d2dap_ids,44,unauthorized_access,0.0,82,38.078269999999996,SE,X-unauthorized_access-1,D3,15000,45000,617,617,0,617,"{'unauthenticated': 56, 'auth_failed': 26, 'policy:ids_block': 418, 'out_of_range': 108, 'channel_loss': 9}",24,0,{'freshness': 24},1142.348,0,[],1.0,0.0,,,,,,,,,,,,
adaptive,42,unauthorized_access,0.0,62,69.50185000000002,SE,X-unauthorized_access-1,D3,15000,45000,592,592,0,592,"{'unauthenticated': 18, 'auth_failed': 44, 'policy:quarantine': 521, 'channel_loss': 9}",44,0,{'freshness': 44},2085.056,0,[],1.0,4.0,0.01473241703698636,,,,,,,,,,,
adaptive,43,unauthorized_access,0.0,89,107.66712000000004,SE,X-unauthorized_access-1,D3,15000,45000,577,577,0,577,"{'unauthenticated': 22, 'auth_failed': 67, 'policy:quarantine': 482, 'channel_loss': 6}",67,0,{'freshness': 67},3230.014,0,[],1.0,4.0,0.014352731546436653,,,,,,,,,,,
adaptive,44,unauthorized_access,0.0,66,78.08184333333334,SE,X-unauthorized_access-1,D3,15000,45000,617,617,0,617,"{'unauthenticated': 17, 'auth_failed': 49, 'policy:quarantine': 427, 'out_of_range': 108, 'channel_loss': 16}",47,0,{'freshness': 47},2342.455,0,[],1.0,4.0,0.014680782360229112,,,,,,,,,,,
baseline,42,privilege_escalation,1.0,0,0.0,E,D3,D3,15000,45000,576,576,568,8,{'channel_loss': 8},0,0,{},0.0,0,[],,,,,,,,,,,,,,
baseline,43,privilege_escalation,1.0,0,0.0,E,D3,D3,15000,45000,624,624,621,3,{'channel_loss': 3},0,0,{},0.0,0,[],,,,,,,,,,,,,,
baseline,44,privilege_escalation,1.0,0,0.0,E,D3,D3,15000,45000,577,577,569,8,{'channel_loss': 8},0,0,{},0.0,0,[],,,,,,,,,,,,,,
d2dap,42,privilege_escalation,0.9911190053285968,5,0.0,E,D3,D3,15000,45000,576,576,558,18,"{'channel_loss': 13, 'no_session': 5}",0,0,{},0.0,0,[],,,,,,,,,,,,,,True
d2dap,43,privilege_escalation,0.9902597402597403,6,0.0,E,D3,D3,15000,45000,624,624,610,14,"{'channel_loss': 8, 'no_session': 6}",0,0,{},0.0,0,[],,,,,,,,,,,,,,True
d2dap,44,privilege_escalation,0.9753521126760564,4,0.0,E,D3,D3,15000,45000,577,567,554,13,"{'channel_loss': 9, 'no_session': 4}",0,0,{},0.0,0,[],,,,,,,,,,,,,,True
d2dap_ids,42,privilege_escalation,0.10296684118673648,0,0.0,E,D3,D3,15000,45000,576,373,59,314,"{'channel_loss': 3, 'policy:ids_block': 311}",0,0,{},0.0,0,[],1.0,0.0,,,,,,,,,,,,True
d2dap_ids,43,privilege_escalation,0.08870967741935484,1,0.0,E,D3,D3,15000,45000,624,324,55,269,"{'policy:ids_block': 264, 'channel_loss': 4, 'no_session': 1}",0,0,{},0.0,0,[],1.0,0.0,,,,,,,,,,,,True
d2dap_ids,44,privilege_escalation,0.1169284467713787,0,0.0,E,D3,D3,15000,45000,577,304,67,237,"{'policy:ids_block': 233, 'channel_loss': 4}",0,0,{},0.0,0,[],1.0,0.0,,,,,,,,,,,,True
adaptive,42,privilege_escalation,0.06315789473684211,0,0.0,E,D3,D3,15000,45000,576,440,36,404,"{'channel_loss': 6, 'policy:privileged_blocked': 133, 'policy:quarantine': 265}",0,0,{},0.0,0,[],1.0,4.0,0.16994660822852306,,,,,,,,,,,True
adaptive,43,privilege_escalation,0.06796116504854369,0,0.0,E,D3,D3,15000,45000,624,609,42,567,"{'policy:privileged_blocked': 135, 'channel_loss': 6, 'policy:quarantine': 426}",0,0,{},0.0,0,[],1.0,4.0,0.17161276358777314,,,,,,,,,,,True
adaptive,44,privilege_escalation,0.08581436077057793,0,0.0,E,D3,D3,15000,45000,577,547,49,498,"{'policy:privileged_blocked': 195, 'policy:quarantine': 297, 'channel_loss': 6}",0,0,{},0.0,0,[],1.0,4.0,0.16977888746385839,,,,,,,,,,,True
