run_id,kind,rate_pps,detected,latency_ms,window_recall,model
1,spoofing,3.0,True,982.0,0.9545454545454546,logistic_regression
3,spoofing,30.0,True,605.0,1.0,logistic_regression
6,replay,30.0,True,426.0,1.0,logistic_regression
7,tampering,3.0,True,940.0,1.0,logistic_regression
8,tampering,10.0,True,189.0,1.0,logistic_regression
11,dos,10.0,True,1035.0,0.9941860465116279,logistic_regression
16,unauthorized_access,3.0,True,997.0,1.0,logistic_regression
18,unauthorized_access,30.0,True,686.0,1.0,logistic_regression
21,flooding,30.0,True,1086.0,1.0,logistic_regression
22,privilege_escalation,3.0,True,1681.0,0.9,logistic_regression
25,abnormal,3.0,True,1080.0,1.0,logistic_regression
33,spoofing,10.0,True,1057.0,1.0,logistic_regression
35,replay,3.0,True,1580.0,0.9130434782608695,logistic_regression
39,tampering,10.0,True,568.0,1.0,logistic_regression
45,impersonation,10.0,True,414.0,1.0,logistic_regression
47,unauthorized_access,3.0,True,1093.0,1.0,logistic_regression
50,flooding,3.0,True,350.0,1.0,logistic_regression
53,privilege_escalation,3.0,True,1644.0,1.0,logistic_regression
67,replay,10.0,True,680.0,1.0,logistic_regression
72,dos,3.0,True,816.0,1.0,logistic_regression
73,dos,10.0,True,573.0,0.9937106918238994,logistic_regression
75,impersonation,3.0,True,1291.0,1.0,logistic_regression
76,impersonation,10.0,True,283.0,1.0,logistic_regression
81,flooding,3.0,True,312.0,1.0,logistic_regression
83,flooding,30.0,True,206.0,1.0,logistic_regression
84,privilege_escalation,3.0,True,881.0,1.0,logistic_regression
87,abnormal,3.0,True,546.0,0.92,logistic_regression
88,abnormal,10.0,True,434.0,1.0,logistic_regression
96,spoofing,30.0,True,835.0,1.0,logistic_regression
97,replay,3.0,True,528.0,1.0,logistic_regression
102,tampering,30.0,True,1160.0,1.0,logistic_regression
105,dos,30.0,True,536.0,0.9957627118644068,logistic_regression
107,impersonation,10.0,True,1002.0,1.0,logistic_regression
109,unauthorized_access,3.0,True,1066.0,1.0,logistic_regression
117,privilege_escalation,30.0,True,570.0,1.0,logistic_regression
118,abnormal,3.0,True,1604.0,0.9583333333333334,logistic_regression
1,spoofing,3.0,True,982.0,1.0,decision_tree
3,spoofing,30.0,True,605.0,1.0,decision_tree
6,replay,30.0,True,426.0,1.0,decision_tree
7,tampering,3.0,True,940.0,1.0,decision_tree
8,tampering,10.0,True,189.0,0.9565217391304348,decision_tree
11,dos,10.0,True,1035.0,1.0,decision_tree
16,unauthorized_access,3.0,True,997.0,1.0,decision_tree
18,unauthorized_access,30.0,True,686.0,1.0,decision_tree
21,flooding,30.0,True,1086.0,0.8666666666666667,decision_tree
22,privilege_escalation,3.0,True,1681.0,0.95,decision_tree
25,abnormal,3.0,True,1080.0,0.7241379310344828,decision_tree
33,spoofing,10.0,True,1057.0,1.0,decision_tree
35,replay,3.0,True,2580.0,0.7391304347826086,decision_tree
39,tampering,10.0,True,568.0,1.0,decision_tree
45,impersonation,10.0,True,414.0,1.0,decision_tree
47,unauthorized_access,3.0,True,1093.0,1.0,decision_tree
50,flooding,3.0,True,1350.0,0.7727272727272727,decision_tree
53,privilege_escalation,3.0,True,2644.0,0.8235294117647058,decision_tree
67,replay,10.0,True,680.0,1.0,decision_tree
72,dos,3.0,True,816.0,1.0,decision_tree
73,dos,10.0,True,573.0,0.9937106918238994,decision_tree
75,impersonation,3.0,True,1291.0,1.0,decision_tree
76,impersonation,10.0,True,283.0,1.0,decision_tree
81,flooding,3.0,True,312.0,0.75,decision_tree
83,flooding,30.0,True,206.0,0.64,decision_tree
84,privilege_escalation,3.0,True,1881.0,0.625,decision_tree
87,abnormal,3.0,True,546.0,0.52,decision_tree
88,abnormal,10.0,True,434.0,0.9473684210526315,decision_tree
96,spoofing,30.0,True,835.0,1.0,decision_tree
97,replay,3.0,True,1528.0,0.875,decision_tree
102,tampering,30.0,True,1160.0,1.0,decision_tree
105,dos,30.0,True,536.0,0.9957627118644068,decision_tree
107,impersonation,10.0,True,1002.0,1.0,decision_tree
109,unauthorized_access,3.0,True,1066.0,1.0,decision_tree
117,privilege_escalation,30.0,True,570.0,1.0,decision_tree
118,abnormal,3.0,True,2604.0,0.5416666666666666,decision_tree
1,spoofing,3.0,True,982.0,1.0,random_forest
3,spoofing,30.0,True,605.0,1.0,random_forest
6,replay,30.0,True,426.0,1.0,random_forest
7,tampering,3.0,True,940.0,1.0,random_forest
8,tampering,10.0,True,189.0,0.9565217391304348,random_forest
11,dos,10.0,True,1035.0,1.0,random_forest
16,unauthorized_access,3.0,True,997.0,1.0,random_forest
18,unauthorized_access,30.0,True,686.0,1.0,random_forest
21,flooding,30.0,True,1086.0,1.0,random_forest
22,privilege_escalation,3.0,True,1681.0,0.9,random_forest
25,abnormal,3.0,True,1080.0,0.6896551724137931,random_forest
33,spoofing,10.0,True,1057.0,1.0,random_forest
35,replay,3.0,True,1580.0,1.0,random_forest
39,tampering,10.0,True,568.0,1.0,random_forest
45,impersonation,10.0,True,414.0,1.0,random_forest
47,unauthorized_access,3.0,True,1093.0,1.0,random_forest
50,flooding,3.0,True,350.0,0.8636363636363636,random_forest
53,privilege_escalation,3.0,True,1644.0,1.0,random_forest
67,replay,10.0,True,680.0,1.0,random_forest
72,dos,3.0,True,816.0,1.0,random_forest
73,dos,10.0,True,573.0,1.0,random_forest
75,impersonation,3.0,True,1291.0,1.0,random_forest
76,impersonation,10.0,True,283.0,1.0,random_forest
81,flooding,3.0,True,312.0,0.875,random_forest
83,flooding,30.0,True,206.0,1.0,random_forest
84,privilege_escalation,3.0,True,881.0,0.9375,random_forest
87,abnormal,3.0,True,546.0,0.68,random_forest
88,abnormal,10.0,True,434.0,0.9473684210526315,random_forest
96,spoofing,30.0,True,835.0,1.0,random_forest
97,replay,3.0,True,1528.0,0.875,random_forest
102,tampering,30.0,True,1160.0,1.0,random_forest
105,dos,30.0,True,536.0,1.0,random_forest
107,impersonation,10.0,True,1002.0,1.0,random_forest
109,unauthorized_access,3.0,True,1066.0,1.0,random_forest
117,privilege_escalation,30.0,True,570.0,1.0,random_forest
118,abnormal,3.0,True,1604.0,0.5833333333333334,random_forest
1,spoofing,3.0,True,982.0,1.0,xgboost
3,spoofing,30.0,True,605.0,1.0,xgboost
6,replay,30.0,True,426.0,1.0,xgboost
7,tampering,3.0,True,940.0,1.0,xgboost
8,tampering,10.0,True,189.0,1.0,xgboost
11,dos,10.0,True,1035.0,1.0,xgboost
16,unauthorized_access,3.0,True,997.0,1.0,xgboost
18,unauthorized_access,30.0,True,686.0,1.0,xgboost
21,flooding,30.0,True,1086.0,1.0,xgboost
22,privilege_escalation,3.0,True,1681.0,1.0,xgboost
25,abnormal,3.0,True,1080.0,0.8620689655172413,xgboost
33,spoofing,10.0,True,1057.0,1.0,xgboost
35,replay,3.0,True,1580.0,1.0,xgboost
39,tampering,10.0,True,568.0,1.0,xgboost
45,impersonation,10.0,True,414.0,1.0,xgboost
47,unauthorized_access,3.0,True,1093.0,1.0,xgboost
50,flooding,3.0,True,350.0,0.9545454545454546,xgboost
53,privilege_escalation,3.0,True,1644.0,1.0,xgboost
67,replay,10.0,True,680.0,1.0,xgboost
72,dos,3.0,True,816.0,1.0,xgboost
73,dos,10.0,True,573.0,1.0,xgboost
75,impersonation,3.0,True,1291.0,1.0,xgboost
76,impersonation,10.0,True,283.0,1.0,xgboost
81,flooding,3.0,True,312.0,0.9375,xgboost
83,flooding,30.0,True,206.0,1.0,xgboost
84,privilege_escalation,3.0,True,881.0,1.0,xgboost
87,abnormal,3.0,True,546.0,0.68,xgboost
88,abnormal,10.0,True,434.0,1.0,xgboost
96,spoofing,30.0,True,835.0,1.0,xgboost
97,replay,3.0,True,528.0,0.9375,xgboost
102,tampering,30.0,True,1160.0,1.0,xgboost
105,dos,30.0,True,536.0,1.0,xgboost
107,impersonation,10.0,True,1002.0,1.0,xgboost
109,unauthorized_access,3.0,True,1066.0,1.0,xgboost
117,privilege_escalation,30.0,True,570.0,1.0,xgboost
118,abnormal,3.0,True,1604.0,0.625,xgboost
