model,split,accuracy,precision_macro,recall_macro,f1_macro,precision_weighted,recall_weighted,f1_weighted,binary_precision,binary_recall,binary_f1,fpr,fnr,cv_macro_f1,test_rows,roc_auc_binary,pr_auc_binary,roc_auc_ovr_macro,inference_ms_single_mean,inference_ms_single_p95,inference_ms_single_p99,batch_throughput_rows_per_s,batch_cpu_us_per_row,batch_inference_peak_kb,model_size_kb,train_seconds,runs_detected_fraction,detection_latency_ms_median,detection_latency_ms_mean
logistic_regression,test,0.9677023930075148,0.8050411397826374,0.9411103638202567,0.8368932841745902,0.9892369996268177,0.9677023930075148,0.9764335576498921,0.693608029582673,0.9916918429003021,0.8162884675163196,0.033258787774528356,0.008308157099697885,0.8496507761111127,18763.0,0.9986562569675324,0.9928028225163609,0.9924282931832173,6.099760333333333,7.54971,9.525343999999997,369776.0729280479,3.164472632308266,16453.9111328125,5.9560546875,77.7702203000008,1.0,825.5,826.0
decision_tree,test,0.9923253211106966,0.9201412701277197,0.8797350487045719,0.8959296245017517,0.9921133731849711,0.9923253211106966,0.9920237640205642,0.97578125,0.9433534743202417,0.9592933947772657,0.0017776248638109984,0.05664652567975831,0.9110768807404283,18763.0,0.9707879247282154,0.9245038609522273,0.9368501464483805,5.904519333333334,12.154905,14.093777999999997,626710.5694739212,1.4989607205670734,16453.9482421875,68.1103515625,7.228252900000371,1.0,961.0,992.6666666666666
random_forest,test,0.9955764003624153,0.9733848762649074,0.9103242124209595,0.9355456617669209,0.9955851668699884,0.9955764003624153,0.9952579516784391,0.9961240310077519,0.9705438066465257,0.9831675592960979,0.00028671368771145133,0.02945619335347432,0.953015178690408,18763.0,0.9993686451990011,0.9960443737707593,0.9980774687904136,26.973054333333337,41.94101000000002,74.76873299999995,24667.806953999792,29.146458455470874,16453.888671875,11945.8603515625,39.75522359999741,1.0,858.0,853.7777777777778
xgboost,test,0.9960027714118211,0.953716009678889,0.9405184214810622,0.9438724013262704,0.9960870650259083,0.9960027714118211,0.9958818016573605,0.989345509893455,0.9818731117824774,0.9855951478392722,0.0008027983255920638,0.01812688821752266,0.9535181115016579,18763.0,0.9997575710170747,0.9978955300872714,0.99739457693991,10.282841,17.21446,32.61350199999983,18918.80162867661,40.805041837659225,16454.1064453125,2550.46484375,87.93009329999768,1.0,825.5,826.0
logistic_regression,test_dedup,0.9675863916421109,0.8059836317622409,0.9422034864347844,0.837922614247422,0.9892324106398047,0.9675863916421109,0.9763618575215353,0.693446088794926,0.9916855631141346,0.8161741835147744,0.033444816053511704,0.008314436885865457,0.8496507761111127,18665.0,0.9986477195729714,0.9927937832069256,0.992395137367958,7.649122000000001,14.034319999999997,34.963144999999926,337689.67793107044,1.8416822930618808,16368.1650390625,5.9560546875,77.7702203000008,1.0,825.5,826.0
decision_tree,test_dedup,0.9923386016608626,0.9210637851411757,0.8808576499211126,0.8969557090826565,0.9921236627807853,0.9923386016608626,0.9920347341738014,0.9757623143080532,0.9433106575963719,0.9592621060722522,0.0017875677545842463,0.05668934240362812,0.9110768807404283,18665.0,0.9707615449208938,0.9244652062798223,0.9374110221227238,6.453556,13.690714999999999,14.914839999999996,463483.50877750607,1.1719796410393786,16368.2744140625,68.1103515625,7.228252900000371,1.0,961.0,992.6666666666666
random_forest,test_dedup,0.9956067506027324,0.9742907071873084,0.9114094714604993,0.9365742436800437,0.9956121071644197,0.9956067506027324,0.9952865645644039,0.9961210240496509,0.9705215419501134,0.9831546707503829,0.0002883173797716526,0.02947845804988662,0.953015178690408,18665.0,0.9993646775077488,0.996039438414644,0.9980739732536289,27.513131999999995,32.324189999999994,67.49994999999987,24895.89009602944,27.625234395928207,16368.138671875,11945.8603515625,39.75522359999741,1.0,858.0,853.7777777777778
xgboost,test_dedup,0.9960353603000268,0.9546765962071758,0.9416287998221577,0.9449086768301047,0.9961201841781236,0.9960353603000268,0.9959138190438143,0.9893373952779894,0.981859410430839,0.9855842185128983,0.0008072886633606274,0.018140589569160998,0.9535181115016579,18665.0,0.9997560307583867,0.9978928116641004,0.9973888262253432,9.396061999999999,17.53982,22.606378999999993,19582.006979776364,38.842753817305116,16368.4697265625,2550.46484375,87.93009329999768,1.0,825.5,826.0
logistic_regression,unseen_rate_3,0.9750391542678152,0.8521932407414464,0.7756867005912286,0.7757996861586125,0.9874360916898566,0.9750391542678152,0.9798711641943915,0.676,0.8471177944862155,0.7519466073414905,0.01650198635020882,0.15288220551378445,0.9124611631881212,10216.0,0.9785357761317831,0.8836643260726583,0.9941039436152753,5.218729999999999,6.0019849999999995,6.263750999999999,446706.1542780335,3.0589271730618637,8975.3427734375,5.9560546875,61.735178399998404,1.0,1080.0,1199.4705882352941
decision_tree,unseen_rate_3,0.9890368050117463,0.9226867526889491,0.7833322941262476,0.8320601019491566,0.9888745297186851,0.9890368050117463,0.9877933688521765,0.9723076923076923,0.7919799498746867,0.8729281767955801,0.0009167770194560456,0.20802005012531327,0.9470756779435495,10216.0,0.8955315864276154,0.7781727079882708,0.8811225967578201,5.287704,6.639919999999999,6.910394999999999,551266.845313962,1.8353563038371183,8975.3994140625,33.7861328125,7.8953278999979375,1.0,1312.0,1552.4117647058824
random_forest,unseen_rate_3,0.9863938919342208,0.9649955885191458,0.6904559368839914,0.7745240052046726,0.9864451506652084,0.9863938919342208,0.9839655343554343,1.0,0.7719298245614035,0.8712871287128713,0.0,0.22807017543859648,0.9671154518422155,10216.0,0.9949334730326886,0.9717168266877196,0.9899364265835523,14.014740000000002,30.323864999999998,40.49206699999999,41317.992181775226,17.435884886452623,8975.3759765625,9283.544921875,29.694631899998058,1.0,1312.0,1552.4117647058824
xgboost,unseen_rate_3,0.9892325763508223,0.9182325151236812,0.7858518394083526,0.8287791361605394,0.9890124364791569,0.9892325763508223,0.9879673645944684,0.9791044776119403,0.8220551378446115,0.8937329700272479,0.0007130487929102577,0.17794486215538846,0.9712295814522481,10216.0,0.9901006718691401,0.9572702874995767,0.9911226821765906,10.271016,28.34043499999998,34.90734699999999,18461.2784623273,33.342306186374316,8975.5947265625,2364.857421875,70.5470245999968,1.0,1291.0,1258.2941176470588
