attack,target,system_variant,runs,detection_rate,detection_latency_ms_mean,response_ms_mean,mitigation_rate_mean,false_positive_rate,collateral_rate,quarantine_rate,reauthentication_count_mean,final_attacker_state,limitation
abnormal,D3,adaptive,3,1.0,1000.0,2633.3333333333335,0.8951386026144869,0.012345679012345678,0.0,1.0,1.0,['4.0'],Trust/policy transition timestamps are not stored per run.
dos,D3,adaptive,3,1.0,5000.0,,1.0,0.0,0.0,0.0,0.0,['1.0'],Trust/policy transition timestamps are not stored per run.
flooding,D3,adaptive,3,1.0,1000.0,2533.3333333333335,0.858187656954421,0.017283950617283952,0.0,0.6666666666666666,2.0,"['3.0', '4.0']",Trust/policy transition timestamps are not stored per run.
impersonation,D3,adaptive,3,1.0,5333.333333333333,,1.0,0.014197530864197531,0.0,0.0,0.0,['1.0'],Trust/policy transition timestamps are not stored per run.
privilege_escalation,D3,adaptive,3,1.0,1000.0,2100.0,0.9276888598146789,0.016666666666666666,0.0,1.0,1.6666666666666667,['4.0'],Trust/policy transition timestamps are not stored per run.
replay,D3,adaptive,3,1.0,6500.0,,0.9130520912285537,0.012345679012345678,0.0,0.0,0.0,"['0.0', '1.0']",Trust/policy transition timestamps are not stored per run.
spoofing,D3,adaptive,3,1.0,6333.333333333333,,1.0,0.016666666666666666,0.0,0.0,0.0,['1.0'],Trust/policy transition timestamps are not stored per run.
tampering,D3,adaptive,3,1.0,11500.0,,1.0,0.017283950617283952,0.0,0.0,0.0,"['0.0', '1.0']",Trust/policy transition timestamps are not stored per run.
unauthorized_access,D3,adaptive,3,1.0,1000.0,1166.6666666666667,1.0,0.011111111111111112,0.0,1.0,0.0,['4.0'],Trust/policy transition timestamps are not stored per run.
abnormal,D3,d2dap,3,0.0,,,0.07333607835063675,0.0,0.0,0.0,0.0,['0.0'],Trust/policy transition timestamps are not stored per run.
dos,D3,d2dap,3,1.0,,,1.0,0.0,0.0,0.0,0.0,['0.0'],Trust/policy transition timestamps are not stored per run.
flooding,D3,d2dap,3,0.0,,,0.12732528417722552,0.0,0.0,0.0,0.0,['0.0'],Trust/policy transition timestamps are not stored per run.
impersonation,D3,d2dap,3,1.0,,,1.0,0.0,0.0,0.0,0.0,['0.0'],Trust/policy transition timestamps are not stored per run.
privilege_escalation,D3,d2dap,3,0.0,,,0.014423047245202195,0.0,0.0,0.0,0.0,['0.0'],Trust/policy transition timestamps are not stored per run.
replay,D3,d2dap,3,1.0,,,0.9212565336526284,0.0,0.0,0.0,0.0,['0.0'],Trust/policy transition timestamps are not stored per run.
spoofing,D3,d2dap,3,1.0,,,1.0,0.0,0.0,0.0,0.0,['0.0'],Trust/policy transition timestamps are not stored per run.
tampering,D3,d2dap,3,1.0,,,1.0,0.0,0.0,0.0,0.0,['0.0'],Trust/policy transition timestamps are not stored per run.
unauthorized_access,D3,d2dap,3,1.0,,,1.0,0.0,0.0,0.0,0.0,['0.0'],Trust/policy transition timestamps are not stored per run.
abnormal,D3,d2dap_ids,3,1.0,1000.0,1200.0,0.9016552880584502,0.0006172839506172839,3.310819758972322e-05,0.0,0.0,['0.0'],Trust/policy transition timestamps are not stored per run.
dos,D3,d2dap_ids,3,1.0,1000.0,1100.0,1.0,0.0,0.0,0.0,0.0,['0.0'],Trust/policy transition timestamps are not stored per run.
flooding,D3,d2dap_ids,3,1.0,1000.0,1133.3333333333333,0.8238822712321946,0.0006172839506172839,3.3690452125867525e-05,0.0,0.0,['0.0'],Trust/policy transition timestamps are not stored per run.
impersonation,D3,d2dap_ids,3,1.0,1000.0,1100.0,1.0,0.0006172839506172839,3.436071882623784e-05,0.0,0.0,['0.0'],Trust/policy transition timestamps are not stored per run.
privilege_escalation,D3,d2dap_ids,3,1.0,1000.0,1133.3333333333333,0.8971316782075099,0.0006172839506172839,3.312135665076842e-05,0.0,0.0,['0.0'],Trust/policy transition timestamps are not stored per run.
replay,D3,d2dap_ids,3,1.0,1000.0,1250.0,0.9814490464088651,0.0012345679012345679,3.234048057954141e-05,0.0,0.0,['0.0'],Trust/policy transition timestamps are not stored per run.
spoofing,D3,d2dap_ids,3,1.0,1000.0,1133.3333333333333,1.0,0.0006172839506172839,3.2615786040443576e-05,0.0,0.0,['0.0'],Trust/policy transition timestamps are not stored per run.
tampering,D3,d2dap_ids,3,1.0,1000.0,,1.0,0.0006172839506172839,3.27890353465801e-05,0.0,0.0,['0.0'],Trust/policy transition timestamps are not stored per run.
unauthorized_access,D3,d2dap_ids,3,1.0,1000.0,1166.6666666666667,1.0,0.0011111111111111111,0.0008337055232990918,0.0,0.0,['0.0'],Trust/policy transition timestamps are not stored per run.
abnormal,D3,d2dap_ids_trust,3,1.0,3000.0,3100.0,0.292264093502054,0.0,0.0,5.0,0.0,['4.0'],Trust/policy transition timestamps are not stored per run.
dos,D3,d2dap_ids_trust,3,1.0,,,1.0,0.0,0.0,0.0,0.0,['0.0'],Trust/policy transition timestamps are not stored per run.
flooding,D3,d2dap_ids_trust,3,1.0,3000.0,3100.0,0.5928832838485844,0.0,0.0,3.6666666666666665,0.0,['4.0'],Trust/policy transition timestamps are not stored per run.
impersonation,D3,d2dap_ids_trust,3,1.0,,,1.0,0.0,0.0,0.0,0.0,['0.0'],Trust/policy transition timestamps are not stored per run.
privilege_escalation,D3,d2dap_ids_trust,3,1.0,2000.0,2100.0,0.20209864354325746,0.0,0.0,4.333333333333333,0.0,['4.0'],Trust/policy transition timestamps are not stored per run.
replay,D3,d2dap_ids_trust,3,1.0,,,0.9130520912285537,0.0,0.0,0.0,0.0,['0.0'],Trust/policy transition timestamps are not stored per run.
spoofing,D3,d2dap_ids_trust,3,1.0,,,1.0,0.0,0.0,0.0,0.0,['0.0'],Trust/policy transition timestamps are not stored per run.
tampering,D3,d2dap_ids_trust,3,1.0,,,1.0,0.0,0.0,0.0,0.0,['0.0'],Trust/policy transition timestamps are not stored per run.
unauthorized_access,D3,d2dap_ids_trust,3,1.0,1000.0,1166.6666666666667,1.0,0.0,0.0,1.0,0.0,['4.0'],Trust/policy transition timestamps are not stored per run.
